url,marca,nombre,genero (desde el titulo),acordes_principales,rating,piramide_olfativa
https://www.fragrantica.com/perfume/Jean-Paul-Gaultier/Le-Male-Le-Parfum-61856.html,,Le Male Le Parfum Jean Paul Gaultier,for men,"['woody', 'vanilla', 'lavender', 'powdery', 'aromatic', 'violet', 'amber', 'warm spicy', 'iris']",4.6,"{'notas_de_salida': [], 'notas_de_corazon': [], 'notas_de_base': ['Vanilla', 'Oriental notes', 'Woodsy Notes']}"
https://www.fragrantica.es/perfume/Hermes/24-Faubourg-27.html,,24 Faubourg Hermès,Mujeres,"['cítrico', 'floral blanco', 'florales', 'Floral amarillo', 'verde', 'atalcado', 'amaderado', 'ámbar', 'dulce', 'fresco especiado']",3.99,"{'notas_de_salida': ['jacinto', 'naranja', 'ylang-ylang', 'durazno (melocotón)', 'bergamota'], 'notas_de_corazon': ['flor de azahar del naranjo', 'gardenia', 'jazmín', 'saúco negro', 'iris'], 'notas_de_base': ['ámbar', 'sándalo', 'pachulí', 'vainilla']}"
https://www.fragrantica.es/perfume/Rasasi/Hawas-Ice-for-Him-89050.html#cc222146,,Hawas Ice for Him Rasasi,Hombres,"['cítrico', 'afrutados', 'floral blanco', 'fresco', 'anís', 'aromático', 'atalcado', 'dulce', 'especiado suave', 'almizclado']",4.5,"{'notas_de_salida': ['manzana', 'limón italiano (lima italiana)', 'bergamota de Sicilia', 'anís estrellado'], 'notas_de_corazon': ['ciruela', 'flor de azahar del naranjo', 'cardamomo'], 'notas_de_base': ['almizcle', 'ámbar', 'trozos de madera a la deriva', 'musgo']}"
https://www.fragrantica.es/perfume/Yves-Saint-Laurent/Rive-Gauche-96.html,,Rive Gauche Yves Saint Laurent,Mujeres,"['floral blanco', 'fresco', 'aromático', 'verde', 'rosas', 'atalcado', 'aldehídico', 'amaderado', 'terrosos', 'musgoso']",3.92,"{'notas_de_salida': ['aldehídos', 'notas verdes', 'madreselva', 'bergamota', 'durazno (melocotón)', 'limón (lima ácida)'], 'notas_de_corazon': ['rosa', 'iris', 'ylang-ylang', 'lirio de los valles (muguete)', 'geranio', 'jazmín', 'magnolia', 'gardenia'], 'notas_de_base': ['musgo de roble', 'vetiver de Tahití', 'almizcle', 'sándalo', 'haba tonka', 'ámbar']}"
https://www.fragrantica.es/perfume/Kenzo/L-Eau-par-Kenzo-pour-Homme-79.html,,L'Eau par Kenzo pour Homme Kenzo,Hombres,"['cítrico', 'florales', 'fresco', 'aromático', 'verde', 'acuático', 'fresco especiado', 'almizclado']",4.08,"{'notas_de_salida': ['yuzu', 'limón (lima ácida)', 'pimiento verde'], 'notas_de_corazon': ['notas acuáticas', 'flor de loto', 'menta acuática', 'notas verdes'], 'notas_de_base': ['almizcle blanco', 'cedro']}"
https://www.fragrantica.es/perfume/Guerlain/Apres-l-Ondee-13.html,,Apres l'Ondee Guerlain,Mujeres,"['florales', 'anís', 'Floral amarillo', 'atalcado', 'amaderado', 'terrosos', 'especiado suave', 'violeta', 'iris', 'avainillado']",4.3,"{'notas_de_salida': ['anís', 'casia', 'neroli', 'bergamota', 'limón (lima ácida)'], 'notas_de_corazon': ['violeta', 'raíz de lirio', 'mimosa', 'clavel', 'sándalo', 'ylang-ylang', 'vetiver', 'rosa', 'jazmín'], 'notas_de_base': ['iris', 'heliotropo', 'vainilla', 'almizcle', 'benjuí', 'styrax', 'ámbar']}"
https://www.fragrantica.es/perfume/Hermes/24-Faubourg-Eau-Delicate-22.html,,24 Faubourg Eau Delicate Hermès,Mujeres,"['cítrico', 'floral blanco', 'aromático', 'fresco especiado', 'almizclado']",4.14,"{'notas_de_salida': [], 'notas_de_corazon': [], 'notas_de_base': []}"
https://www.fragrantica.com/perfume/Yves-Saint-Laurent/Y-Eau-de-Parfum-50757.html,,Y Eau de Parfum Yves Saint Laurent,for men,"['citrus', 'woody', 'herbal', 'fresh spicy', 'aromatic', 'green', 'fresh', 'amber', 'warm spicy', 'fruity']",4.4,"{'notas_de_salida': [], 'notas_de_corazon': [], 'notas_de_base': ['Amberwood', 'Tonka Bean', 'Cedar', 'Vetiver', 'Olibanum']}"
https://www.fragrantica.es/perfume/Robert-Piguet/Bandit-15.html,,Bandit Robert Piguet,Mujeres,"['floral blanco', 'cuero', 'animálico', 'aromático', 'verde', 'aldehídico', 'amaderado', 'terrosos', 'musgoso', 'almizclado']",4.02,"{'notas_de_salida': ['aldehídos', 'gálbano', 'abrótano', 'bergamota', 'neroli', 'gardenia', 'ylang-ylang', 'naranja'], 'notas_de_corazon': ['clavel', 'jazmín', 'raíz de la violeta', 'nardos', 'rosa'], 'notas_de_base': ['musgo de roble', 'cuero', 'algalia (civet)', 'vetiver', 'pachulí', 'mirra', 'almizcle', 'ámbar', 'coco']}"
https://www.fragrantica.es/perfume/Elizabeth-Arden/Red-Door-Revealed-87.html,,Red Door Revealed Elizabeth Arden,Mujeres,"['afrutados', 'florales', 'floral blanco', 'fresco', 'animálico', 'rosas', 'atalcado', 'amaderado', 'dulce', 'almizclado']",3.76,"{'notas_de_salida': ['peonía rosa', 'orquídea verde', 'pera'], 'notas_de_corazon': ['rosa de Bulgaria (rosa Damascena de Bulgaria)', 'azucena', 'ciruela', 'flor de tiaré', 'champaca amarilla', 'flor de azahar del naranjo'], 'notas_de_base': ['almizcle', 'madera de gaiac', 'musgo de roble', 'ámbar negro']}"
https://www.fragrantica.es/perfume/Boucheron/Boucheron-Pour-Homme-132.html,,Boucheron Pour Homme Boucheron,Hombres,"['cítrico', 'musgoso', 'florales', 'floral blanco', 'aromático', 'cálido especiado', 'amaderado', 'ámbar', 'terrosos', 'fresco especiado']",4.02,"{'notas_de_salida': ['limón (lima ácida)', 'cedrón (hierba luisa, verbena de olor)', 'bergamota', 'lavanda', 'naranja', 'albahaca', 'mandarina'], 'notas_de_corazon': ['clavel', 'rosa', 'jazmín', 'ylang-ylang', 'lirio de los valles (muguete)', 'raíz de lirio'], 'notas_de_base': ['musgo de roble', 'vetiver', 'sándalo', 'incienso', 'almizcle', 'benjuí', 'ámbar', 'haba tonka']}"
https://www.fragrantica.es/perfume/Guerlain/Aqua-Allegoria-Rosa-Magnifica-63.html,,Aqua Allegoria Rosa Magnifica Guerlain,Mujeres,"['florales', 'verde', 'rosas', 'atalcado', 'terrosos', 'violeta', 'iris', 'fresco especiado']",4.1,"{'notas_de_salida': [], 'notas_de_corazon': [], 'notas_de_base': []}"
https://www.fragrantica.es/perfume/Annayake/Tsukimi-109.html,,Tsukimi Annayake,Mujeres,"['cítrico', 'afrutados', 'florales', 'atalcado', 'cálido especiado', 'amaderado', 'ámbar', 'dulce', 'canela', 'avainillado']",4.07,"{'notas_de_salida': ['toronja (pomelo)', 'limón (lima ácida)'], 'notas_de_corazon': ['canela', 'sándalo', 'ciruela', 'ámbar', 'vainilla', 'cedro', 'heliotropo', 'clavel', 'violeta', 'jazmín'], 'notas_de_base': ['sándalo', 'vainilla', 'pachulí']}"
https://www.fragrantica.es/perfume/Elizabeth-Arden/Provocative-Interlude-85.html,,Provocative Interlude Elizabeth Arden,Mujeres,"['afrutados', 'florales', 'chocolate', 'tropical', 'atalcado', 'champán', 'aldehídico', 'dulce', 'almizclado']",4.0,"{'notas_de_salida': ['champaña', 'frutas', 'guayaba'], 'notas_de_corazon': ['orquídea', 'flor del mango', 'rosa'], 'notas_de_base': ['chocolate blanco', 'almizcle de cachemira', 'caoba']}"
https://www.fragrantica.es/perfume/Armand-Basi/Basi-Femme-124.html,,Basi Femme Armand Basi,Mujeres,"['cítrico', 'afrutados', 'avainillado', 'aromático', 'atalcado', 'amaderado', 'ámbar', 'dulce', 'especiado suave', 'almizclado']",3.96,"{'notas_de_salida': ['cilantro', 'frutas', 'limón (lima ácida)', 'notas verdes'], 'notas_de_corazon': ['jazmín', 'violeta', 'casia', 'pimienta rosa', 'rosa', 'peonía'], 'notas_de_base': ['praliné', 'vainilla', 'ámbar', 'almizcle', 'palisandro', 'notas amaderadas', 'musgo de roble']}"
https://www.fragrantica.es/perfume/Lattafa-Perfumes/Pisa-99140.html#cc222141,,Pisa Lattafa Perfumes,Hombres,"['cítrico', 'aromático', 'atalcado', 'amaderado', 'ámbar']",4.56,"{'notas_de_salida': ['mandarina', 'bergamota', 'limón (lima ácida)'], 'notas_de_corazon': ['cedro'], 'notas_de_base': ['sándalo', 'ámbar']}"
https://www.fragrantica.es/perfume/Divine/L-Homme-de-Coeur-40.html,,L'Homme de Coeur Divine,Hombres,"['animálico', 'aromático', 'atalcado', 'ámbar', 'amaderado', 'terrosos', 'violeta', 'iris', 'fresco especiado', 'almizclado']",4.2,"{'notas_de_salida': ['bayas de enebro', 'ciprés', 'angélica'], 'notas_de_corazon': ['iris'], 'notas_de_base': ['vetiver', 'ámbar gris', 'almizcle', 'liatris (liátride)']}"
https://www.fragrantica.es/perfume/Aesop/Marrakech-Intense-26229.html#cc222136,,Marrakech Intense Aesop,Hombres y Mujeres,"['aromático', 'cálido especiado', 'amaderado']",4.24,"{'notas_de_salida': ['cardamomo', 'clavos de olor', 'bergamota'], 'notas_de_corazon': ['rosa', 'jazmín', 'neroli'], 'notas_de_base': ['sándalo', 'cedro']}"
https://www.fragrantica.es/perfume/Lanvin/Arpege-6.html,,Arpège Lanvin,Mujeres,"['floral blanco', 'florales', 'fresco', 'Floral amarillo', 'aromático', 'atalcado', 'cálido especiado', 'aldehídico', 'amaderado', 'ámbar']",3.97,"{'notas_de_salida': ['aldehídos', 'lirio de los valles (muguete)', 'durazno (melocotón)', 'madreselva', 'neroli', 'bergamota'], 'notas_de_corazon': ['jazmín', 'ylang-ylang', 'lirio de los valles (muguete)', 'iris', 'cilantro', 'rosa', 'azucena', 'geranio', 'camelia'], 'notas_de_base': ['sándalo', 'ámbar', 'vetiver', 'almizcle', 'benjuí', 'vainilla', 'pachulí']}"
https://www.fragrantica.es/perfume/Yves-Saint-Laurent/In-Love-Again-104.html,,In Love Again Yves Saint Laurent,Mujeres,"['cítrico', 'afrutados', 'florales', 'fresco', 'aromático', 'verde', 'rosas', 'amaderado', 'especiado suave', 'fresco especiado']",4.24,"{'notas_de_salida': ['toronja (pomelo)', 'grosellas negras', 'casia', 'moras azules', 'vodka', 'manzana'], 'notas_de_corazon': ['toronja (pomelo)', 'rosa', 'nenúfar (lirio de agua)'], 'notas_de_base': ['tomate', 'zarzamora (frambuesa negra)', 'almizcle', 'sándalo']}"
https://www.fragrantica.es/perfume/Divine/L-Infante-44.html,,L'Infante Divine,Mujeres,"['florales', 'floral blanco', 'fresco', 'Floral amarillo', 'aromático', 'verde', 'amaderado', 'ámbar', 'dulce', 'avainillado']",3.99,"{'notas_de_salida': ['hiedra', 'casis (grosellero negro)'], 'notas_de_corazon': ['jazmín', 'ylang-ylang', 'peonía'], 'notas_de_base': ['vainilla', 'almizcle', 'haba tonka', 'ámbar']}"
https://www.fragrantica.es/perfume/Kenzo/Air-75.html,,Air Kenzo,Hombres,"['cítrico', 'anís', 'aromático', 'amaderado', 'terrosos', 'ámbar', 'dulce', 'especiado suave', 'fresco especiado', 'almizclado']",4.34,"{'notas_de_salida': [], 'notas_de_corazon': [], 'notas_de_base': []}"
https://www.fragrantica.es/perfume/Memo-Paris/French-Leather-28049.html#cc222134,,French Leather Memo Paris,Hombres y Mujeres,"['cítrico', 'florales', 'cuero', 'aromático', 'rosas', 'atalcado', 'amaderado', 'especiado suave', 'fresco especiado', 'almizclado']",3.95,"{'notas_de_salida': [], 'notas_de_corazon': [], 'notas_de_base': []}"
https://www.fragrantica.es/perfume/Hermes/Rouge-Hermes-21.html,,Rouge Hermès Hermès,Mujeres,"['florales', 'Floral amarillo', 'aromático', 'rosas', 'atalcado', 'cálido especiado', 'amaderado', 'ámbar', 'dulce', 'iris']",4.04,"{'notas_de_salida': ['rosa', 'ylang-ylang', 'iris'], 'notas_de_corazon': ['sándalo', 'ámbar', 'vainilla', 'cedro'], 'notas_de_base': ['especias', 'mirto']}"
https://www.fragrantica.es/perfume/Chanel/Cristalle-Eau-de-Toilette-12.html,,Cristalle Eau de Toilette Chanel,Mujeres,"['cítrico', 'florales', 'fresco especiado', 'aromático', 'verde', 'amaderado', 'terrosos', 'musgoso']",4.11,"{'notas_de_salida': ['limón siciliano (lima siciliana)', 'bergamota'], 'notas_de_corazon': ['jacinto', 'palo de rosa de Brasil', 'madreselva', 'jazmín'], 'notas_de_base': ['musgo de roble', 'vetiver']}"
https://www.fragrantica.es/perfume/Guerlain/Aqua-Allegoria-Ylang-Vanille-64.html,,Aqua Allegoria Ylang & Vanille Guerlain,Mujeres,"['florales', 'floral blanco', 'Floral amarillo', 'atalcado', 'cálido especiado', 'amaderado', 'dulce', 'avainillado']",4.07,"{'notas_de_salida': ['ylang-ylang', 'clavel'], 'notas_de_corazon': ['jazmín'], 'notas_de_base': ['vainilla']}"
https://www.fragrantica.com/perfume/By-Kilian/Angels-Share-62615.html,,Angels' Share By Kilian,for women and men,"['woody', 'vanilla', 'powdery', 'cinnamon', 'amber', 'warm spicy', 'sweet']",4.38,"{'notas_de_salida': [], 'notas_de_corazon': [], 'notas_de_base': ['Vanilla', 'Praline', 'Sandalwood', 'Candied Almond']}"
https://www.fragrantica.es/perfume/Hermes/Rouge-Hermes-Eau-Delicate-8.html,,Rouge Hermes Eau Delicate Hermès,Mujeres,"['florales', 'jabonoso', 'fresco', 'Floral amarillo', 'rosas', 'aldehídico', 'ámbar', 'amaderado', 'dulce', 'almizclado']",3.7,"{'notas_de_salida': ['aldehídos', 'ylang-ylang'], 'notas_de_corazon': ['rosa', 'vainilla'], 'notas_de_base': ['ládano', 'ámbar', 'cedro']}"
https://www.fragrantica.es/perfume/Guerlain/Champs-Elysees-Eau-de-Toilette-66.html,,Champs Elysees Eau de Toilette Guerlain,Mujeres,"['afrutados', 'florales', 'floral blanco', 'fresco', 'Floral amarillo', 'verde', 'atalcado', 'dulce']",3.96,"{'notas_de_salida': ['melón', 'durazno (melocotón)', 'almendra', 'violeta', 'grosellas negras', 'anís'], 'notas_de_corazon': ['lila', 'mimosa', 'lirio de los valles (muguete)', 'peonía', 'rosa', 'flor del almendro', 'hibisco (flor de Jamaica, cayena)'], 'notas_de_base': ['vainilla', 'árbol del almendro', 'sándalo', 'benjuí', 'cedro']}"
https://www.fragrantica.es/perfume/Yves-Saint-Laurent/Opium-1977-93.html,,Opium (1977) Yves Saint Laurent,Mujeres,"['balsámico', 'aromático', 'atalcado', 'cálido especiado', 'ámbar', 'amaderado', 'dulce', 'ahumado', 'fresco especiado']",3.96,"{'notas_de_salida': ['clavos de olor', 'pimienta', 'cilantro', 'malagueta', 'ciruela', 'jazmín', 'mandarina', 'cítricos', 'bergamota'], 'notas_de_corazon': ['clavel', 'canela', 'sándalo', 'pachulí', 'raíz de lirio', 'rosa', 'durazno (melocotón)', 'lirio de los valles (muguete)'], 'notas_de_base': ['incienso', 'mirra', 'sándalo', 'bálsamo de Tolú', 'ámbar', 'opopónaco', 'benjuí', 'ládano', 'vainilla', 'almizcle', 'castóreo', 'cedro', 'vetiver', 'coco']}"
https://www.fragrantica.es/perfume/Armand-Basi/In-Blue-127.html,,In Blue Armand Basi,Hombres,"['cítrico', 'afrutados', 'florales', 'aromático', 'cálido especiado', 'amaderado', 'fresco especiado']",3.6,"{'notas_de_salida': ['toronja (pomelo)', 'bergamota', 'cilantro', 'mandarina'], 'notas_de_corazon': ['pimienta', 'flor de loto', 'grosellas negras', 'neroli'], 'notas_de_base': ['notas amaderadas', 'musgo de roble', 'pachulí']}"
https://www.fragrantica.es/perfume/Antonio-Banderas/Diavolo-112.html,,Diavolo Antonio Banderas,Hombres,"['cítrico', 'cuero', 'animálico', 'aromático', 'verde', 'atalcado', 'cálido especiado', 'amaderado', 'fresco especiado', 'almizclado']",3.55,"{'notas_de_salida': ['mandarina', 'bergamota', 'hojas verdes'], 'notas_de_corazon': ['pimienta', 'geranio', 'pachulí'], 'notas_de_base': ['cuero', 'almizcle', 'sándalo']}"
https://www.fragrantica.es/perfume/Rochas/Femme-Rochas-28.html,,Femme Rochas Rochas,Mujeres,"['afrutados', 'cuero', 'atalcado', 'cálido especiado', 'ámbar', 'amaderado', 'terrosos', 'dulce', 'canela', 'musgoso']",4.11,"{'notas_de_salida': ['ciruela', 'durazno (melocotón)', 'canela', 'chabacano', 'palo de rosa de Brasil', 'bergamota', 'limón (lima ácida)'], 'notas_de_corazon': ['clavos de olor', 'clavel', 'ylang-ylang', 'rosa', 'romero', 'iris', 'jazmín'], 'notas_de_base': ['musgo de roble', 'cuero', 'benjuí', 'ámbar', 'pachulí', 'almizcle', 'vainilla']}"
https://www.fragrantica.es/perfume/Aramis/Aramis-113.html,,Aramis Aramis,Hombres,"['cuero', 'herbal', 'animálico', 'aromático', 'atalcado', 'cálido especiado', 'amaderado', 'terrosos', 'ámbar', 'musgoso']",3.99,"{'notas_de_salida': ['aldehídos', 'mirra', 'abrótano', 'tomillo', 'trébol blanco', 'bergamota', 'gardenia'], 'notas_de_corazon': ['pachulí', 'salvia', 'jazmín', 'cardamomo', 'raíz de lirio'], 'notas_de_base': ['cuero', 'musgo de roble', 'almizcle', 'vetiver', 'sándalo', 'ámbar', 'coco']}"
https://www.fragrantica.com/perfume/Burberry/Goddess-83483.html,,Goddess Burberry,for women,"['lavender', 'cacao', 'fresh spicy', 'vanilla']",4.2,"{'notas_de_salida': [], 'notas_de_corazon': [], 'notas_de_base': ['Vanilla Absolute']}"
https://www.fragrantica.es/perfume/Armand-Basi/Armand-Basi-Homme-125.html,,Armand Basi Homme Armand Basi,Hombres,"['lavanda', 'florales', 'aromático', 'atalcado', 'cálido especiado', 'amaderado', 'ámbar', 'canela', 'avainillado', 'fresco especiado']",4.07,"{'notas_de_salida': ['canela', 'lavanda', 'cardamomo'], 'notas_de_corazon': ['nuez moscada', 'haba tonka', 'incienso', 'lila', 'lirio de los valles (muguete)'], 'notas_de_base': ['vainilla', 'cedro', 'sándalo', 'madera de gaiac', 'almizcle']}"
https://www.fragrantica.es/perfume/Givenchy/Hot-Couture-35.html,,Hot Couture Givenchy,Mujeres,"['cítrico', 'afrutados', 'florales', 'aromático', 'atalcado', 'cálido especiado', 'amaderado', 'ámbar', 'dulce', 'fresco especiado']",4.1,"{'notas_de_salida': ['frambuesa', 'bergamota', 'naranja'], 'notas_de_corazon': ['pimienta', 'vetiver', 'magnolia'], 'notas_de_base': ['sándalo', 'ámbar', 'almizcle']}"
https://www.fragrantica.es/perfume/Kenzo/Kenzo-Jungle-L-Elephant-70.html,,Kenzo Jungle L'Elephant Kenzo,Mujeres,"['aromático', 'cálido especiado', 'dulce', 'especiado suave', 'avainillado', 'fresco especiado']",3.91,"{'notas_de_salida': ['clavos de olor', 'comino', 'mandarina'], 'notas_de_corazon': ['cardamomo', 'alcaravea', 'regaliz', 'mango', 'ylang-ylang', 'heliotropo', 'gardenia'], 'notas_de_base': ['vainilla', 'ámbar', 'pachulí']}"
https://www.fragrantica.es/perfume/Aramis/Aramis-Ice-119.html,,Aramis Ice Aramis,Hombres,"['cítrico', 'pachulí', 'lavanda', 'aromático', 'atalcado', 'cálido especiado', 'aldehídico', 'amaderado', 'ámbar', 'fresco especiado']",3.89,"{'notas_de_salida': [], 'notas_de_corazon': [], 'notas_de_base': []}"
https://www.fragrantica.com/perfume/Jean-Paul-Gaultier/Le-Beau-Le-Parfum-72158.html,,Le Beau Le Parfum Jean Paul Gaultier,for men,"['woody', 'vanilla', 'tropical', 'powdery', 'lactonic', 'coconut', 'amber', 'iris', 'sweet', 'fruity']",4.54,"{'notas_de_salida': [], 'notas_de_corazon': [], 'notas_de_base': ['Tonka Bean', 'Sandalwood', 'Amber', 'Ambergris']}"
https://www.fragrantica.es/perfume/Bvlgari/Bvlgari-Pour-Femme-142.html,,Bvlgari Pour Femme Bvlgari,Mujeres,"['afrutados', 'florales', 'floral blanco', 'rosas', 'atalcado', 'amaderado', 'ámbar', 'violeta', 'iris', 'avainillado']",4.05,"{'notas_de_salida': ['violeta', 'clavel', 'frambuesa', 'durazno (melocotón)', 'cilantro', 'flor de azahar del naranjo', 'pimienta de Sichuan', 'bergamota'], 'notas_de_corazon': ['iris', 'rosa de Bulgaria (rosa Damascena de Bulgaria)', 'heliotropo', 'raíz de lirio', 'jazmín egipcio', 'lirio de los valles (muguete)'], 'notas_de_base': ['almizcle', 'té verde', 'notas amaderadas', 'sándalo', 'vainilla', 'ámbar', 'benjuí', 'styrax', 'cedro']}"
https://www.fragrantica.es/perfume/Hermes/Un-Jardin-Sur-Le-Nil-18.html,,Un Jardin Sur Le Nil Hermès,Hombres y Mujeres,"['cítrico', 'afrutados', 'florales', 'tropical', 'herbal', 'aromático', 'verde', 'atalcado', 'dulce', 'fresco especiado']",4.11,"{'notas_de_salida': ['toronja (pomelo)', 'mango verde', 'tomate', 'zanahoria'], 'notas_de_corazon': ['flor de loto', 'espadaña', 'naranja', 'jacinto', 'peonía'], 'notas_de_base': ['almizcle', 'iris', 'incienso', 'ládano', 'canela']}"
https://www.fragrantica.es/perfume/Guerlain/L-Instant-de-Guerlain-51.html,,L'Instant de Guerlain Guerlain,Mujeres,"['cítrico', 'florales', 'floral blanco', 'Floral amarillo', 'atalcado', 'ámbar', 'dulce', 'amielado', 'iris', 'avainillado']",4.07,"{'notas_de_salida': ['mandarina', 'manzana roja', 'bergamota'], 'notas_de_corazon': ['magnolia', 'iris', 'ylang-ylang', 'jazmín'], 'notas_de_base': ['miel blanca', 'vainilla', 'ámbar', 'benjuí', 'almizcle']}"
https://www.fragrantica.com/perfume/Dior/Dior-Homme-Intense-2011-13016.html,,Dior Homme Intense 2011 Dior,for men,"['woody', 'powdery', 'lavender', 'earthy', 'aromatic', 'violet', 'musky', 'floral', 'iris', 'fruity']",4.5,"{'notas_de_salida': [], 'notas_de_corazon': [], 'notas_de_base': ['Virginia Cedar', 'Vetiver']}"
https://www.fragrantica.es/perfume/Bvlgari/Bvlgari-Pour-Homme-143.html,,Bvlgari Pour Homme Bvlgari,Hombres,"['cítrico', 'fresco', 'aromático', 'verde', 'atalcado', 'aldehídico', 'amaderado', 'terrosos', 'fresco especiado', 'almizclado']",4.17,"{'notas_de_salida': ['té', 'aldehídos', 'bergamota', 'lavanda', 'flor del moscadero', 'flor de azahar del naranjo', 'mandarina'], 'notas_de_corazon': ['pimienta', 'iris', 'madera de gaiac', 'palo de rosa de Brasil', 'cilantro', 'cardamomo', 'geranio', 'ciclamen (violeta persa)', 'clavel'], 'notas_de_base': ['almizcle', 'vetiver', 'cedro', 'musgo de roble', 'ámbar', 'haba tonka']}"
https://www.fragrantica.es/perfume/Guerlain/Aqua-Allegoria-Foliflora-65.html,,Aqua Allegoria Foliflora Guerlain,Mujeres,"['cítrico', 'afrutados', 'florales', 'floral blanco', 'atalcado', 'ámbar', 'amaderado', 'dulce', 'fresco especiado', 'almizclado']",3.87,"{'notas_de_salida': ['neroli', 'bergamota', 'guisante de olor'], 'notas_de_corazon': ['fresia', 'chabacano', 'gardenia'], 'notas_de_base': ['angélica', 'sándalo', 'ámbar', 'vainilla']}"
https://www.fragrantica.es/perfume/Guerlain/Aqua-Allegoria-Lilia-Bella-62.html,,Aqua Allegoria Lilia Bella Guerlain,Mujeres,"['floral blanco', 'florales', 'verde', 'fresco']",3.93,"{'notas_de_salida': [], 'notas_de_corazon': ['lirio de los valles (muguete)', 'lila'], 'notas_de_base': ['jazmín', 'rosa']}"
https://www.fragrantica.es/perfume/Boucheron/Jaipur-136.html,,Jaipur Boucheron,Mujeres,"['afrutados', 'florales', 'floral blanco', 'rosas', 'atalcado', 'cálido especiado', 'ámbar', 'amaderado', 'dulce', 'avainillado']",3.98,"{'notas_de_salida': ['durazno (melocotón)', 'ciruela', 'chabacano', 'piña', 'fresia'], 'notas_de_corazon': ['rosa', 'peonía', 'clavel', 'jazmín', 'raíz de lirio', 'orquídea', 'acacia negra (robinia)', 'lirio de los valles (muguete)'], 'notas_de_base': ['sándalo', 'heliotropo', 'benjuí', 'vainilla', 'ámbar', 'styrax', 'almizcle', 'cedro de Virginia']}"
https://www.fragrantica.es/perfume/Boucheron/Jaipur-Saphir-138.html,,Jaipur Saphir Boucheron,Mujeres,"['cítrico', 'afrutados', 'florales', 'atalcado', 'cálido especiado', 'ámbar', 'dulce', 'canela', 'avainillado', 'almizclado']",4.18,"{'notas_de_salida': ['durazno blanco (melocotón blanco)', 'cardamomo', 'yuzu', 'mandarina'], 'notas_de_corazon': ['heliotropo', 'magnolia', 'canela', 'jazmín'], 'notas_de_base': ['vainilla', 'almizcle', 'benjuí', 'ámbar']}"
https://www.fragrantica.com/perfume/Versace/Versace-Pour-Homme-Dylan-Blue-40031.html,,Versace Pour Homme Dylan Blue Versace,for men,"['citrus', 'woody', 'smoky', 'musky', 'aromatic', 'aquatic', 'fresh', 'amber', 'warm spicy', 'fresh spicy']",4.17,"{'notas_de_salida': [], 'notas_de_corazon': [], 'notas_de_base': ['Incense', 'Musk', 'Tonka Bean', 'Saffron']}"
https://www.fragrantica.es/perfume/Aramis/Aramis-Always-for-Her-114.html,,Aramis Always for Her Aramis,Mujeres,"['florales', 'lactónico', 'balsámico', 'verde', 'ámbar', 'amaderado', 'dulce', 'ahumado', 'salado', 'fresco especiado']",3.58,"{'notas_de_salida': ['flor del berro (flor del cobre)', 'mandarina'], 'notas_de_corazon': ['reseda (miñoneta)', 'hibisco (flor de Jamaica, cayena)', 'magnolia'], 'notas_de_base': ['leche', 'incienso', 'maderas exóticas', 'ládano']}"
https://www.fragrantica.es/perfume/Bill-Blass/Nude-130.html,,Nude Bill Blass,Mujeres,"['fresco', 'Floral amarillo', 'aromático', 'verde', 'atalcado', 'aldehídico', 'amaderado', 'terrosos', 'iris', 'musgoso']",3.8,"{'notas_de_salida': ['aldehídos', 'gálbano', 'romero', 'bergamota'], 'notas_de_corazon': ['musgo de roble', 'narciso', 'ylang-ylang', 'jazmín', 'rosa'], 'notas_de_base': ['raíz de lirio', 'almizcle', 'sándalo', 'vetiver']}"
https://www.fragrantica.es/perfume/Guerlain/Nahema-46.html,,Nahema Guerlain,Mujeres,"['afrutados', 'florales', 'floral blanco', 'fresco', 'balsámico', 'verde', 'rosas', 'aldehídico', 'amaderado', 'dulce']",4.2,"{'notas_de_salida': ['rosa', 'durazno (melocotón)', 'aldehídos', 'notas verdes', 'bergamota'], 'notas_de_corazon': ['rosa de Bulgaria (rosa Damascena de Bulgaria)', 'jacinto', 'ylang-ylang', 'lila', 'jazmín', 'lirio de los valles (muguete)'], 'notas_de_base': ['bálsamo del Perú', 'sándalo', 'maracuyá (fruta de la pasión)', 'vainilla', 'vetiver']}"
https://www.fragrantica.es/perfume/Guerlain/L-Instant-de-Guerlain-pour-Homme-52.html,,L'Instant de Guerlain pour Homme Guerlain,Hombres,"['cítrico', 'pachulí', 'cacao', 'anís', 'aromático', 'atalcado', 'cálido especiado', 'amaderado', 'fresco especiado', 'almizclado']",4.31,"{'notas_de_salida': ['limón (lima ácida)', 'anís', 'bergamota', 'toronja (pomelo)', 'jazmín'], 'notas_de_corazon': ['cacao', 'pachulí', 'sándalo', 'té', 'cedro', 'lavanda'], 'notas_de_base': ['almizcle natural', 'semillas de hibisco', 'resina de elemí']}"
https://www.fragrantica.es/perfume/Aramis/Aramis-900-116.html,,Aramis 900 Aramis,Hombres,"['florales', 'floral blanco', 'aromático', 'rosas', 'atalcado', 'cálido especiado', 'amaderado', 'terrosos', 'musgoso', 'almizclado']",4.18,"{'notas_de_salida': ['cilantro', 'notas verdes', 'palo de rosa de Brasil', 'bergamota', 'limón (lima ácida)'], 'notas_de_corazon': ['rosa', 'clavel', 'geranio', 'lirio de los valles (muguete)', 'jazmín', 'raíz de lirio'], 'notas_de_base': ['musgo de roble', 'algalia (civet)', 'pachulí', 'vetiver', 'sándalo', 'ámbar']}"
https://www.fragrantica.es/perfume/Divine/L-Ame-Soeur-41.html,,L'Ame Soeur Divine,Mujeres,"['florales', 'floral blanco', 'jabonoso', 'fresco', 'Floral amarillo', 'rosas', 'aldehídico', 'ámbar', 'amaderado', 'dulce']",4.24,"{'notas_de_salida': ['aldehídos'], 'notas_de_corazon': ['rosa de Bulgaria (rosa Damascena de Bulgaria)', 'ylang-ylang', 'jazmín'], 'notas_de_base': ['rosa de mayo', 'ámbar', 'liatris (liátride)', 'vetiver']}"
https://www.fragrantica.es/perfume/Aramis/Aramis-Life-120.html,,Aramis Life Aramis,Hombres,"['cítrico', 'cuero', 'aromático', 'verde', 'acuático', 'atalcado', 'cálido especiado', 'amaderado', 'ozónico', 'fresco especiado']",3.92,"{'notas_de_salida': ['lima (limón verde)', 'bergamota'], 'notas_de_corazon': ['hojas de violeta', 'pepino', 'cardamomo', 'menta'], 'notas_de_base': ['cedro', 'cuero', 'sándalo', 'olivo']}"
https://www.fragrantica.com/perfume/Maison-Martin-Margiela/Jazz-Club-20541.html,,Jazz Club Maison Martin Margiela,for men,"['rum', 'woody', 'vanilla', 'powdery', 'soft spicy', 'aromatic', 'tobacco', 'amber', 'warm spicy', 'sweet']",4.2,"{'notas_de_salida': [], 'notas_de_corazon': [], 'notas_de_base': ['Tobacco Leaf', 'Vanilla Bean', 'Styrax']}"
https://www.fragrantica.com/perfume/Armaf/Club-de-Nuit-Intense-Man-34696.html,,Club de Nuit Intense Man Armaf,for men,"['citrus', 'woody', 'smoky', 'leather', 'aromatic', 'musky', 'fresh', 'sweet', 'fruity']",4.13,"{'notas_de_salida': [], 'notas_de_corazon': [], 'notas_de_base': ['Musk', 'Ambergris', 'Patchouli', 'Vanilla']}"
https://www.fragrantica.es/perfume/Elizabeth-Arden/Blue-Grass-91.html,,Blue Grass Elizabeth Arden,Mujeres,"['floral blanco', 'florales', 'lavanda', 'fresco', 'aromático', 'cálido especiado', 'aldehídico', 'amaderado', 'ámbar', 'fresco especiado']",3.51,"{'notas_de_salida': ['aldehídos', 'lavanda', 'geranio', 'azucena', 'bergamota', 'flor de azahar del naranjo', 'neroli'], 'notas_de_corazon': ['lavanda', 'clavel', 'especias', 'clavo de olor', 'narciso', 'hoja de laurel', 'jazmín', 'nardos', 'rosa'], 'notas_de_base': ['benjuí', 'sándalo', 'vetiver', 'almizcle', 'cedro', 'haba tonka']}"
https://www.fragrantica.es/perfume/Nina-Ricci/Nina-147.html,,Nina Nina Ricci,Mujeres,"['cítrico', 'afrutados', 'florales', 'fresco', 'lactónico', 'verde', 'amaderado', 'dulce', 'nueces', 'almizclado']",3.85,"{'notas_de_salida': ['limón de Amalfi (lima de Amalfi)', 'lima (limón verde)'], 'notas_de_corazon': ['manzana Granny Smith', 'praliné', 'peonía', 'datura'], 'notas_de_base': ['árbol de manzano', 'almizcle', 'cedro de Virginia']}"
https://www.fragrantica.es/perfume/Chanel/Chanel-N019-11.html,,Chanel N°19 Chanel,Mujeres,"['florales', 'floral blanco', 'fresco especiado', 'aromático', 'verde', 'atalcado', 'amaderado', 'terrosos', 'iris', 'musgoso']",4.1,"{'notas_de_salida': ['gálbano', 'jacinto', 'bergamota', 'neroli'], 'notas_de_corazon': ['iris', 'raíz de lirio', 'rosa', 'narciso', 'lirio de los valles (muguete)', 'jazmín', 'ylang-ylang'], 'notas_de_base': ['musgo de roble', 'vetiver', 'cuero', 'cedro', 'almizcle', 'sándalo']}"
https://www.fragrantica.es/perfume/Guerlain/Vol-de-Nuit-49.html,,Vol de Nuit Guerlain,Mujeres,"['cítrico', 'florales', 'aromático', 'verde', 'atalcado', 'amaderado', 'terrosos', 'violeta', 'iris', 'musgoso']",4.4,"{'notas_de_salida': ['gálbano', 'narciso', 'bergamota', 'flor de azahar del naranjo', 'limón (lima ácida)', 'naranja', 'mandarina'], 'notas_de_corazon': ['iris', 'narciso', 'aldehídos', 'vainilla', 'violeta', 'clavel de Indonesia', 'rosa', 'jazmín'], 'notas_de_base': ['musgo de roble', 'raíz de lirio', 'sándalo', 'especias', 'almizcle']}"
https://www.fragrantica.es/perfume/Annayake/Undo-pour-Homme-110.html,,Undo pour Homme Annayake,Hombres,"['cítrico', 'musgoso', 'lavanda', 'aromático', 'verde', 'tabaco', 'amaderado', 'dulce', 'fresco especiado', 'almizclado']",4.04,"{'notas_de_salida': ['bergamota', 'limón (lima ácida)', 'mandarina'], 'notas_de_corazon': ['té verde', 'lavanda', 'nuez moscada', 'cilantro'], 'notas_de_base': ['hojas de tabaco', 'musgo de roble', 'cedro', 'ládano', 'almizcle']}"
https://www.fragrantica.es/perfume/L-Artisan-Parfumeur/Mandarine-Tout-Simplement-102.html,,Mandarine Tout Simplement L'Artisan Parfumeur,Hombres y Mujeres,"['cítrico', 'florales', 'tropical', 'lactónico', 'cálido especiado', 'amaderado']",3.64,"{'notas_de_salida': [], 'notas_de_corazon': [], 'notas_de_base': []}"
https://www.fragrantica.es/perfume/Aramis/Tuscany-Per-Uomo-123.html,,Tuscany Per Uomo Aramis,Hombres,"['cítrico', 'lavanda', 'cuero', 'anís', 'aromático', 'cálido especiado', 'amaderado', 'dulce', 'especiado suave', 'fresco especiado']",4.31,"{'notas_de_salida': ['limón (lima ácida)', 'lavanda', 'bergamota', 'lima (limón verde)'], 'notas_de_corazon': ['anís', 'alcaravea', 'flor de azahar del naranjo', 'estragón'], 'notas_de_base': ['cuero', 'musgo de roble', 'albahaca', 'pachulí', 'sándalo', 'canela', 'haba tonka']}"
https://www.fragrantica.es/perfume/Lattafa-Perfumes/Yara-Tous-83320.html#cc222147,,Yara Tous Lattafa Perfumes,Mujeres,"['afrutados', 'floral blanco', 'tropical', 'lactónico', 'coco', 'atalcado', 'amaderado', 'dulce', 'avainillado', 'almizclado']",3.84,"{'notas_de_salida': ['mango', 'coco', 'maracuyá (fruta de la pasión)'], 'notas_de_corazon': ['jazmín', 'flor de azahar del naranjo', 'heliotropo'], 'notas_de_base': ['vainilla', 'almizcle', 'cachemira']}"
https://www.fragrantica.com/perfume/Maison-Francis-Kurkdjian/Baccarat-Rouge-540-33519.html,,Baccarat Rouge 540 Maison Francis Kurkdjian,for women and men,"['white floral', 'woody', 'metallic', 'aromatic', 'animalic', 'fresh', 'amber', 'warm spicy', 'fresh spicy']",3.82,"{'notas_de_salida': [], 'notas_de_corazon': [], 'notas_de_base': ['Fir Resin', 'Cedar', 'Sugar', 'Ambroxan', 'Oakmoss']}"
https://www.fragrantica.es/perfume/Annayake/Yukimi-111.html,,Yukimi Annayake,Mujeres,"['cítrico', 'afrutados', 'florales', 'aromático', 'verde', 'rosas', 'amaderado', 'ámbar', 'fresco especiado']",4.0,"{'notas_de_salida': ['menta', 'manzana', 'hojas verdes', 'mandarina'], 'notas_de_corazon': ['fresia', 'rosa', 'jazmín'], 'notas_de_base': ['arce', 'tuya (árbol de la vida)', 'ámbar', 'almizcle blanco']}"
https://www.fragrantica.es/perfume/Guerlain/Habit-Rouge-Eau-de-Toilette-16.html,,Habit Rouge Eau de Toilette Guerlain,Hombres,"['cítrico', 'florales', 'cuero', 'balsámico', 'aromático', 'rosas', 'cálido especiado', 'amaderado', 'ámbar', 'avainillado']",4.18,"{'notas_de_salida': ['limón (lima ácida)', 'palo de rosa de Brasil', 'naranja', 'bergamota', 'lima (limón verde)', 'naranja tangerina', 'albahaca'], 'notas_de_corazon': ['rosa', 'clavel', 'sándalo', 'canela', 'pachulí', 'jazmín', 'cedro'], 'notas_de_base': ['vainilla', 'cuero', 'ámbar', 'benjuí', 'musgo de roble', 'ládano']}"
https://www.fragrantica.es/perfume/Guerlain/Colours-of-Love-68.html,,Colours of Love Guerlain,Mujeres,"['cítrico', 'afrutados', 'florales', 'fresco', 'tropical', 'Floral amarillo', 'rosas', 'atalcado', 'dulce', 'violeta']",4.02,"{'notas_de_salida': ['maracuyá (fruta de la pasión)', 'violeta', 'toronja (pomelo)', 'kiwi'], 'notas_de_corazon': ['rosa', 'mimosa', 'casia', 'iris'], 'notas_de_base': ['almizcle', 'ámbar']}"
https://www.fragrantica.es/perfume/Divine/L-Homme-Sage-43.html,,L'Homme Sage Divine,Hombres,"['herbal', 'balsámico', 'aromático', 'cálido especiado', 'ámbar', 'amaderado', 'terrosos', 'dulce', 'ahumado', 'musgoso']",4.31,"{'notas_de_salida': ['azafrán', 'cardamomo', 'lichi', 'mandarina'], 'notas_de_corazon': ['siempreviva', 'madera de gaiac', 'pachulí', 'abeto', 'cedro'], 'notas_de_base': ['musgo de roble', 'incienso', 'ámbar']}"
https://www.fragrantica.es/perfume/Givenchy/Givenchy-pour-Homme-37.html,,Givenchy pour Homme Givenchy,Hombres,"['cítrico', 'lavanda', 'aromático', 'atalcado', 'amaderado', 'terrosos', 'ámbar', 'violeta', 'especiado suave', 'fresco especiado']",4.02,"{'notas_de_salida': ['mandarina', 'toronja (pomelo)', 'cilantro', 'violeta'], 'notas_de_corazon': ['vetiver', 'extracto de lavanda'], 'notas_de_base': ['cedro', 'ládano']}"
https://www.fragrantica.es/perfume/Yves-Saint-Laurent/Cinema-92.html,,Cinéma Yves Saint Laurent,Mujeres,"['cítrico', 'florales', 'floral blanco', 'fresco', 'atalcado', 'ámbar', 'dulce', 'avainillado']",4.1,"{'notas_de_salida': ['flor del almendro', 'clementina', 'ciclamen (violeta persa)'], 'notas_de_corazon': ['jazmín', 'peonía', 'amarilis'], 'notas_de_base': ['vainilla', 'ámbar', 'benjuí', 'almizcle blanco']}"
https://www.fragrantica.es/perfume/Boucheron/Jaipur-Homme-137.html,,Jaipur Homme Boucheron,Hombres,"['cítrico', 'florales', 'aromático', 'cálido especiado', 'ámbar', 'amaderado', 'canela', 'avainillado']",4.26,"{'notas_de_salida': ['cardamomo', 'limón (lima ácida)', 'lima (limón verde)', 'bergamota'], 'notas_de_corazon': ['canela', 'clavel', 'rosa', 'jazmín'], 'notas_de_base': ['benjuí', 'haba tonka', 'pachulí', 'cedro']}"
https://www.fragrantica.es/perfume/Bvlgari/Eau-Parfumee-au-The-Blanc-145.html,,Eau Parfumee au The Blanc Bvlgari,Hombres y Mujeres,"['cítrico', 'floral blanco', 'fresco', 'herbal', 'aromático', 'verde', 'atalcado', 'cálido especiado', 'fresco especiado', 'almizclado']",4.17,"{'notas_de_salida': ['té', 'abrótano', 'bergamota', 'flor de azahar del naranjo', 'naranja amarga'], 'notas_de_corazon': ['pimienta', 'cardamomo', 'cilantro'], 'notas_de_base': ['almizcle', 'notas amaderadas', 'jazmín', 'ámbar', 'rosa']}"
https://www.fragrantica.es/perfume/Yves-Saint-Laurent/Y-100.html,,Y Yves Saint Laurent,Mujeres,"['afrutados', 'floral blanco', 'florales', 'verde', 'atalcado', 'aldehídico', 'amaderado', 'terrosos', 'ámbar', 'musgoso']",4.17,"{'notas_de_salida': ['aldehídos', 'notas verdes', 'gálbano', 'madreselva', 'durazno (melocotón)', 'gardenia', 'ciruela mirabel'], 'notas_de_corazon': ['jacinto', 'raíz de lirio', 'ylang-ylang', 'jazmín', 'nardos', 'rosa de Bulgaria (rosa Damascena de Bulgaria)'], 'notas_de_base': ['musgo de roble', 'algalia (civet)', 'vetiver', 'pachulí', 'sándalo', 'benjuí', 'styrax', 'ámbar']}"
https://www.fragrantica.es/perfume/Hermes/Rocabar-26.html,,Rocabar Hermès,Hombres,"['cítrico', 'fresco', 'aromático', 'cálido especiado', 'ámbar', 'amaderado', 'avainillado', 'fresco especiado']",4.23,"{'notas_de_salida': ['esencia  de cedro', 'enebro de Virginia', 'cilantro', 'limón (lima ácida)', 'bergamota'], 'notas_de_corazon': ['ciprés italiano', 'cedro', 'cardamomo', 'clavel', 'violeta'], 'notas_de_base': ['abeto de Navidad', 'benjuí', 'vainilla', 'musgo de roble', 'pachulí']}"
https://www.fragrantica.es/perfume/Yves-Saint-Laurent/Baby-Doll-99.html,,Baby Doll Yves Saint Laurent,Mujeres,"['cítrico', 'afrutados', 'florales', 'fresco', 'rosas', 'verde', 'atalcado', 'amaderado', 'dulce', 'avainillado']",3.82,"{'notas_de_salida': ['grosellas negras', 'piña', 'naranja', 'manzana'], 'notas_de_corazon': ['rosa', 'fresia', 'heliotropo', 'lirio de los valles (muguete)'], 'notas_de_base': ['vainilla', 'cedro', 'sándalo', 'haba tonka']}"
https://www.fragrantica.es/perfume/Dior/J-adore-Eau-de-Toilette-2002-5.html,,J'adore Eau de Toilette 2002 Dior,Mujeres,"['cítrico', 'afrutados', 'floral blanco', 'florales', 'fresco', 'rosas', 'atalcado', 'dulce', 'fresco especiado', 'almizclado']",3.73,"{'notas_de_salida': ['ciruela', 'neroli', 'mandarina', 'bergamota', 'limón (lima ácida)', 'nuez moscada'], 'notas_de_corazon': ['jazmín', 'lirio de los valles (muguete)', 'violeta', 'orquídea', 'rosa', 'magnolia'], 'notas_de_base': ['ciruela', 'almizcle', 'vainilla']}"
https://www.fragrantica.com/perfume/Lattafa-Perfumes/Khamrah-Qahwa-88175.html,,Khamrah Qahwa Lattafa Perfumes,for women and men,"['vanilla', 'powdery', 'cinnamon', 'aromatic', 'coffee', 'amber', 'warm spicy', 'sweet']",4.44,"{'notas_de_salida': [], 'notas_de_corazon': [], 'notas_de_base': ['Vanilla', 'Coffee', 'Tonka Bean', 'Benzoin', 'Musk']}"
https://www.fragrantica.com/perfume/Tom-Ford/Tobacco-Vanille-1825.html,,Tobacco Vanille Tom Ford,for women and men,"['woody', 'vanilla', 'cacao', 'powdery', 'tobacco', 'warm spicy', 'sweet', 'fruity']",4.21,"{'notas_de_salida': [], 'notas_de_corazon': [], 'notas_de_base': ['Dried Fruits', 'Woody Notes']}"
https://www.fragrantica.es/perfume/Kenzo/L-Eau-par-Kenzo-78.html,,L'Eau par Kenzo Kenzo,Mujeres,"['florales', 'fresco', 'herbal', 'aromático', 'verde', 'acuático', 'atalcado', 'amaderado', 'fresco especiado', 'almizclado']",3.87,"{'notas_de_salida': ['carrizo', 'menta', 'lila verde', 'mandarina', 'pimienta rosa'], 'notas_de_corazon': ['nenúfar (lirio de agua)', 'pimienta', 'violeta', 'durazno blanco (melocotón blanco)', 'amarilis', 'rosa'], 'notas_de_base': ['cedro', 'almizcle blanco', 'vainilla']}"
https://www.fragrantica.es/perfume/Elizabeth-Arden/Green-Tea-83.html,,Green Tea Elizabeth Arden,Mujeres,"['cítrico', 'fresco', 'aromático', 'verde', 'fresco especiado']",3.83,"{'notas_de_salida': ['limón (lima ácida)', 'bergamota', 'menta', 'cáscara de naranja', 'ruibarbo'], 'notas_de_corazon': ['jazmín', 'almizcle', 'musgo de roble', 'hinojo', 'clavel', 'ámbar blanco'], 'notas_de_base': ['té verde', 'jazmín', 'almizcle', 'musgo de roble', 'semillas de apio', 'alcaravea', 'clavos de olor', 'ámbar']}"
https://www.fragrantica.es/perfume/Elizabeth-Arden/Splendor-89.html,,Splendor Elizabeth Arden,Mujeres,"['florales', 'floral blanco', 'fresco', 'verde', 'rosas', 'fresco especiado']",3.65,"{'notas_de_salida': ['jacinto', 'glicinia', 'fresia', 'peonía', 'guisante de olor', 'manzana', 'bergamota', 'piña'], 'notas_de_corazon': ['lirio de los valles (muguete)', 'azucena', 'jazmín', 'magnolia', 'rosa de té', 'rosa', 'orquídea', 'amapola'], 'notas_de_base': ['almizcle', 'cedro', 'sándalo', 'notas amaderadas oscuras', 'palo de rosa de Brasil', 'ámbar']}"
https://www.fragrantica.es/perfume/Lattafa-Perfumes/Ana-Abiyedh-Poudree-84590.html#cc222137,,Ana Abiyedh Poudrée Lattafa Perfumes,Mujeres,"['floral blanco', 'aromático', 'atalcado', 'amaderado', 'ámbar', 'dulce', 'avainillado', 'almizclado']",4.14,"{'notas_de_salida': ['flor de azahar del naranjo', 'rosa', 'jazmín'], 'notas_de_corazon': ['almizcle'], 'notas_de_base': ['vainilla', 'haba tonka', 'pachulí', 'cedro', 'vetiver']}"
https://www.fragrantica.es/perfume/Kenzo/Summer-by-Kenzo-76.html,,Summer by Kenzo Kenzo,Mujeres,"['cítrico', 'florales', 'floral blanco', 'almendrado', 'fresco', 'Floral amarillo', 'atalcado', 'amaderado', 'dulce', 'almizclado']",3.98,"{'notas_de_salida': ['cítricos', 'limón (lima ácida)', 'bergamota'], 'notas_de_corazon': ['mimosa', 'leche de almendras', 'lirio de los valles (muguete)', 'fresia', 'violeta', 'jazmín'], 'notas_de_base': ['almizcle', 'limón (lima ácida)', 'ámbar', 'notas amaderadas', 'styrax', 'cedro']}"
https://www.fragrantica.es/perfume/Lanvin/Arpege-Pour-Homme-14.html,,Arpege Pour Homme Lanvin,Hombres,"['cítrico', 'especiado suave', 'atalcado', 'cálido especiado', 'amaderado', 'terrosos', 'dulce', 'iris', 'avainillado', 'fresco especiado']",4.24,"{'notas_de_salida': ['pimienta rosa', 'naranja amarga', 'neroli', 'mandarina'], 'notas_de_corazon': ['iris', 'nuez moscada', 'jazmín'], 'notas_de_base': ['vainilla', 'haba tonka', 'sándalo', 'pachulí']}"
https://www.fragrantica.es/perfume/Aramis/Aramis-Life-My-Summer-121.html,,Aramis Life My Summer Aramis,Hombres,"['cítrico', 'cuero', 'aromático', 'verde', 'acuático', 'atalcado', 'cálido especiado', 'amaderado', 'ozónico', 'nueces']",4.07,"{'notas_de_salida': ['lima (limón verde)', 'pepino', 'bergamota', 'kumquat (naranja enana)'], 'notas_de_corazon': ['azafrán', 'menta', 'iris', 'hojas de violeta', 'olivo', 'cardamomo'], 'notas_de_base': ['avellana', 'cuero', 'cedro', 'sándalo']}"
https://www.fragrantica.com/perfume/Giorgio-Armani/Emporio-Armani-Stronger-With-You-Intensely-52802.html,,Emporio Armani Stronger With You Intensely  Giorgio Armani,for men,"['vanilla', 'caramel', 'powdery', 'cinnamon', 'soft spicy', 'aromatic', 'amber', 'warm spicy', 'sweet']",4.59,"{'notas_de_salida': [], 'notas_de_corazon': [], 'notas_de_base': ['Vanilla', 'Amber', 'Tonka Bean', 'Suede']}"
https://www.fragrantica.es/perfume/Al-Haramain-Perfumes/Amber-Oud-Dubai-Night-96481.html#cc222135,,Amber Oud Dubai Night Al Haramain Perfumes,Hombres,"['cítrico', 'oud', 'aromático', 'rosas', 'cálido especiado', 'ámbar', 'dulce', 'avainillado', 'fresco especiado', 'almizclado']",4.55,"{'notas_de_salida': ['azafrán', 'bergamota', 'elemí'], 'notas_de_corazon': ['madera de oud', 'rosa de Bulgaria (rosa Damascena de Bulgaria)', 'lirio de los valles (muguete)'], 'notas_de_base': ['haba tonka', 'ámbar', 'almizcle blanco', 'musgo de roble']}"
https://www.fragrantica.es/perfume/Azzaro/Orange-Tonic-1.html,,Orange Tonic Azzaro,Mujeres,"['cítrico', 'afrutados', 'floral blanco', 'aromático', 'verde', 'dulce', 'fresco especiado']",3.43,"{'notas_de_salida': ['naranja', 'bergamota', 'albahaca', 'toronja (pomelo)', 'notas verdes', 'menta', 'limón (lima ácida)'], 'notas_de_corazon': ['madreselva', 'moras azules', 'flores', 'lirio de los valles (muguete)', 'jazmín'], 'notas_de_base': ['miel', 'ámbar', 'cedro', 'almizcle']}"
https://www.fragrantica.es/perfume/Acqua-di-Parma/Colonia-Intensa-1684.html#cc222149,,Colonia Intensa Acqua di Parma,Hombres,"['cítrico', 'cuero', 'fresco', 'herbal', 'aromático', 'cálido especiado', 'amaderado', 'ámbar', 'fresco especiado']",4.26,"{'notas_de_salida': ['bergamota de Calabria', 'jengibre', 'cardamomo', 'limón siciliano (lima siciliana)'], 'notas_de_corazon': ['neroli', 'abrótano', 'mirto'], 'notas_de_base': ['cuero', 'cedro', 'benjuí', 'almizcle', 'pachulí']}"
https://www.fragrantica.es/perfume/Givenchy/Organza-4.html,,Organza Givenchy,Mujeres,"['floral blanco', 'animálico', 'atalcado', 'nardos', 'amaderado', 'avainillado', 'fresco especiado']",3.96,"{'notas_de_salida': ['nuez moscada', 'gardenia', 'flor del naranjo africano', 'notas verdes', 'bergamota'], 'notas_de_corazon': ['nardos', 'jazmín', 'madreselva', 'iris', 'peonía', 'macis'], 'notas_de_base': ['vainilla', 'ámbar', 'notas amaderadas', 'madera de gaiac', 'cedro de Virginia']}"
https://www.fragrantica.es/perfume/Hermes/Terre-d-Hermes-17.html,,Terre d'Hermès Hermès,Hombres,"['cítrico', 'aromático', 'cálido especiado', 'amaderado', 'terrosos', 'fresco especiado']",4.28,"{'notas_de_salida': ['naranja', 'toronja (pomelo)'], 'notas_de_corazon': ['pimienta', 'pelargonio', 'Sílex'], 'notas_de_base': ['vetiver', 'cedro', 'pachulí', 'benjuí']}"
https://www.fragrantica.es/perfume/Guerlain/Parure-47.html,,Parure Guerlain,Mujeres,"['cítrico', 'afrutados', 'florales', 'floral blanco', 'fresco', 'verde', 'rosas', 'amaderado', 'terrosos', 'musgoso']",4.36,"{'notas_de_salida': ['ciruela', 'notas verdes', 'bergamota', 'notas afrutadas', 'cítricos'], 'notas_de_corazon': ['rosa', 'narciso', 'raíz de lirio', 'lila', 'lirio de los valles (muguete)', 'jazmín'], 'notas_de_base': ['musgo de roble', 'cuero', 'especias', 'pachulí', 'ámbar']}"
https://www.fragrantica.es/perfume/Kenzo/Flower-by-Kenzo-Oriental-74.html,,Flower by Kenzo Oriental  Kenzo,Mujeres,"['florales', 'violeta', 'balsámico', 'rosas', 'atalcado', 'cálido especiado', 'ámbar', 'ahumado', 'avainillado', 'fresco especiado']",4.19,"{'notas_de_salida': ['incienso', 'notas florales'], 'notas_de_corazon': ['violeta', 'rosa de Bulgaria (rosa Damascena de Bulgaria)'], 'notas_de_base': ['vainilla', 'pimienta']}"
https://www.fragrantica.es/perfume/Guerlain/Too-Much-67.html,,Too Much Guerlain,Mujeres,"['cítrico', 'floral blanco', 'florales', 'Floral amarillo', 'verde', 'atalcado', 'ámbar', 'fresco especiado']",4.05,"{'notas_de_salida': ['mimosa', 'bergamota'], 'notas_de_corazon': ['mimosa', 'azucena', 'jacinto'], 'notas_de_base': ['narciso', 'benjuí', 'jazmín']}"
https://www.fragrantica.es/perfume/Guerlain/Aqua-Allegoria-Herba-Fresca-60.html,,Aqua Allegoria Herba Fresca Guerlain,Hombres y Mujeres,"['cítrico', 'florales', 'fresco', 'aromático', 'verde', 'fresco especiado']",4.09,"{'notas_de_salida': ['limón (lima ácida)', 'trébol blanco'], 'notas_de_corazon': ['menta', 'té verde'], 'notas_de_base': ['lirio de los valles (muguete)', 'ciclamen (violeta persa)']}"
https://www.fragrantica.es/perfume/Hermes/Caleche-23.html,,Caleche Hermès,Mujeres,"['cítrico', 'floral blanco', 'fresco', 'aromático', 'atalcado', 'aldehídico', 'amaderado', 'terrosos', 'iris', 'musgoso']",4.02,"{'notas_de_salida': ['aldehídos', 'ciprés', 'bergamota', 'neroli', 'flor de azahar del naranjo', 'limón (lima ácida)', 'mandarina'], 'notas_de_corazon': ['iris', 'ylang-ylang', 'rosa', 'gardenia', 'jazmín', 'lirio de los valles (muguete)'], 'notas_de_base': ['musgo de roble', 'sándalo', 'vetiver', 'almizcle', 'cedro', 'ámbar', 'haba tonka']}"
https://www.fragrantica.es/perfume/Divine/Divine-42.html,,Divine Divine,Mujeres,"['floral blanco', 'animálico', 'rosas', 'atalcado', 'cálido especiado', 'nardos', 'amaderado', 'terrosos', 'musgoso', 'almizclado']",4.04,"{'notas_de_salida': ['nardos', 'durazno (melocotón)', 'cilantro'], 'notas_de_corazon': ['gardenia', 'jazmín', 'rosa', 'notas especiadas', 'flor de azahar del naranjo', 'pachulí'], 'notas_de_base': ['musgo de roble', 'almizcle', 'sándalo', 'vainilla']}"
https://www.fragrantica.es/perfume/Kenzo/Flower-by-Kenzo-72.html,,Flower by Kenzo Kenzo,Mujeres,"['ahumado', 'florales', 'balsámico', 'rosas', 'atalcado', 'ámbar', 'dulce', 'violeta', 'avainillado', 'almizclado']",3.62,"{'notas_de_salida': ['rosa de Bulgaria (rosa Damascena de Bulgaria)', 'flor del espino', 'grosellas negras', 'mandarina'], 'notas_de_corazon': ['violeta de Parma', 'rosa', 'opopónaco', 'jazmín'], 'notas_de_base': ['vainilla', 'almizcle blanco', 'incienso']}"
https://www.fragrantica.es/perfume/Yves-Saint-Laurent/Nu-95.html,,Nu Yves Saint Laurent,Mujeres,"['florales', 'balsámico', 'aromático', 'atalcado', 'cálido especiado', 'amaderado', 'ámbar', 'ahumado', 'fresco especiado', 'almizclado']",4.27,"{'notas_de_salida': ['cardamomo', 'bergamota'], 'notas_de_corazon': ['pimienta negra', 'incienso', 'orquídea', 'jazmín'], 'notas_de_base': ['sándalo', 'vetiver', 'almizcle', 'Incienso']}"
https://www.fragrantica.es/perfume/Aramis/Tuscany-Per-Donna-122.html,,Tuscany Per Donna Aramis,Mujeres,"['cítrico', 'afrutados', 'floral blanco', 'florales', 'verde', 'atalcado', 'cálido especiado', 'amaderado', 'ámbar', 'dulce']",4.28,"{'notas_de_salida': ['ciruela', 'durazno (melocotón)', 'jacinto', 'hierba verde', 'mandarina', 'toronja (pomelo)', 'bergamota'], 'notas_de_corazon': ['clavel', 'ylang-ylang', 'flor de azahar del naranjo', 'jazmín', 'rosa', 'violeta', 'madreselva', 'lirio de los valles (muguete)'], 'notas_de_base': ['sándalo', 'styrax', 'ámbar', 'vainilla', 'almizcle', 'cedro']}"
https://www.fragrantica.es/perfume/Angel-Schlesser/Angel-Schlesser-Femme-31.html,,Angel Schlesser Femme Angel Schlesser,Mujeres,"['cítrico', 'floral blanco', 'fresco', 'herbal', 'aromático', 'cálido especiado', 'amaderado', 'fresco especiado', 'almizclado']",3.89,"{'notas_de_salida': ['enebro de Virginia', 'bergamota', 'mandarina', 'flor de azahar del naranjo'], 'notas_de_corazon': ['notas amaderadas', 'pimiento morrón', 'lirio de los valles (muguete)'], 'notas_de_base': ['salvia', 'almizcle', 'cardamomo']}"
https://www.fragrantica.es/perfume/Caron/Tabac-Blond-29.html,,Tabac Blond Caron,Mujeres,"['florales', 'cuero', 'Floral amarillo', 'aromático', 'atalcado', 'cálido especiado', 'amaderado', 'terrosos', 'dulce', 'iris']",4.29,"{'notas_de_salida': ['clavel', 'cuero', 'flor del tilo'], 'notas_de_corazon': ['iris', 'ylang-ylang', 'vetiver'], 'notas_de_base': ['vainilla', 'almizcle', 'pachulí', 'cedro de Virginia']}"
https://www.fragrantica.es/perfume/Guerlain/Aqua-Allegoria-Gentiana-58.html,,Aqua Allegoria Gentiana Guerlain,Mujeres,"['cítrico', 'florales', 'aromático', 'atalcado', 'amaderado', 'dulce', 'fresco especiado', 'almizclado']",4.01,"{'notas_de_salida': ['toronja (pomelo)', 'lima (limón verde)', 'bergamota', 'naranja'], 'notas_de_corazon': ['genciana', 'pera'], 'notas_de_base': ['almizcle', 'sándalo']}"
https://www.fragrantica.es/perfume/Elizabeth-Arden/Red-Door-86.html,,Red Door Elizabeth Arden,Mujeres,"['florales', 'floral blanco', 'rosas', 'atalcado', 'cálido especiado', 'amaderado', 'ámbar', 'nardos', 'dulce', 'amielado']",3.3,"{'notas_de_salida': ['rosa', 'ciruela', 'flor de azahar del naranjo', 'violeta', 'durazno (melocotón)', 'anís'], 'notas_de_corazon': ['miel', 'clavel', 'rosa', 'nardos', 'ylang-ylang', 'jazmín', 'azucena', 'lirio de los valles (muguete)', 'fresia', 'orquídea'], 'notas_de_base': ['sándalo', 'ámbar', 'benjuí', 'almizcle', 'heliotropo', 'vetiver', 'cedro']}"
https://www.fragrantica.es/perfume/Lattafa-Perfumes/Fakhar-Extrait-85092.html#cc222138,,Fakhar Extrait Lattafa Perfumes,Hombres,"['cítrico', 'floral blanco', 'animálico', 'aromático', 'cálido especiado', 'nardos', 'ámbar', 'amaderado', 'especiado suave', 'almizclado']",4.31,"{'notas_de_salida': ['toronja (pomelo)', 'cardamomo', 'pimienta rosa'], 'notas_de_corazon': ['nardos', 'notas solares', 'abrótano'], 'notas_de_base': ['ámbar', 'cuero', 'ládano', 'cachemira']}"
https://www.fragrantica.es/perfume/Guerlain/Aqua-Allegoria-Lavande-Velours-61.html,,Aqua Allegoria Lavande Velours Guerlain,Hombres y Mujeres,"['lavanda', 'florales', 'herbal', 'aromático', 'atalcado', 'amaderado', 'violeta', 'iris', 'fresco especiado']",4.07,"{'notas_de_salida': [], 'notas_de_corazon': ['lavanda', 'iris', 'violeta'], 'notas_de_base': ['sándalo', 'vainilla']}"
https://www.fragrantica.es/perfume/Britney-Spears/Curious-141.html,,Curious Britney Spears,Mujeres,"['afrutados', 'florales', 'floral blanco', 'fresco', 'acuático', 'atalcado', 'nardos', 'amaderado', 'dulce', 'almizclado']",3.76,"{'notas_de_salida': ['magnolia', 'pera', 'flor de loto'], 'notas_de_corazon': ['jazmín', 'nardos', 'ciclamen (violeta persa)'], 'notas_de_base': ['almizcle', 'vainilla', 'maderas blancas', 'sándalo']}"
https://www.fragrantica.es/perfume/Hermes/Bel-Ami-25.html,,Bel Ami Hermès,Hombres,"['cítrico', 'florales', 'cuero', 'animálico', 'aromático', 'cálido especiado', 'amaderado', 'terrosos', 'ámbar', 'musgoso']",4.39,"{'notas_de_salida': ['salvia', 'bergamota', 'cardamomo', 'mandarina', 'limón (lima ácida)'], 'notas_de_corazon': ['clavel', 'pachulí', 'cedro', 'raíz de lirio', 'albahaca', 'jazmín'], 'notas_de_base': ['cuero', 'musgo de roble', 'styrax', 'vetiver', 'ámbar', 'vainilla', 'coco']}"
https://www.fragrantica.es/perfume/Maison-Crivelli/Tubereuse-Astrale-90733.html#cc222140,,Tubéreuse Astrale Maison Crivelli,Hombres y Mujeres,"['afrutados', 'floral blanco', 'florales', 'animálico', 'atalcado', 'cálido especiado', 'nardos', 'canela', 'avainillado', 'almizclado']",3.98,"{'notas_de_salida': ['canela'], 'notas_de_corazon': ['nardos', 'osmanto (olivo oloroso)'], 'notas_de_base': ['vainilla', 'almizcle']}"
https://www.fragrantica.es/perfume/Guerlain/Shalimar-Legere-54.html,,Shalimar Legere Guerlain,Mujeres,"['cítrico', 'aromático', 'atalcado', 'ámbar', 'iris', 'avainillado', 'fresco especiado']",4.25,"{'notas_de_salida': ['limón (lima ácida)', 'bergamota'], 'notas_de_corazon': ['naranja', 'iris', 'jazmín'], 'notas_de_base': ['vainilla', 'ámbar']}"
https://www.fragrantica.es/perfume/Guerlain/Shalimar-Eau-de-Parfum-53.html,,Shalimar Eau de Parfum Guerlain,Mujeres,"['cítrico', 'cuero', 'balsámico', 'animálico', 'atalcado', 'cálido especiado', 'ámbar', 'amaderado', 'ahumado', 'avainillado']",3.99,"{'notas_de_salida': ['cítricos', 'bergamota', 'limón (lima ácida)', 'cedro', 'mandarina'], 'notas_de_corazon': ['iris', 'pachulí', 'vetiver', 'jazmín', 'rosa'], 'notas_de_base': ['vainilla', 'incienso', 'cuero', 'opopónaco', 'algalia (civet)', 'sándalo', 'haba tonka', 'almizcle']}"
https://www.fragrantica.es/perfume/Elizabeth-Arden/Arden-Beauty-88.html,,Arden Beauty Elizabeth Arden,Mujeres,"['cítrico', 'afrutados', 'florales', 'floral blanco', 'aromático', 'verde', 'acuático', 'atalcado', 'dulce', 'fresco especiado']",3.7,"{'notas_de_salida': ['notas verdes', 'flor de arroz', 'iris', 'bergamota'], 'notas_de_corazon': ['flor de loto', 'ruibarbo', 'azucena', 'jengibre', 'orquídea'], 'notas_de_base': ['almizcle', 'sándalo', 'ámbar']}"
https://www.fragrantica.es/perfume/Bvlgari/Eau-Parfumee-au-The-Rouge-146.html,,Eau Parfumee au The Rouge Bvlgari,Hombres y Mujeres,"['cítrico', 'afrutados', 'fresco', 'verde', 'amaderado', 'dulce', 'especiado suave', 'nueces', 'fresco especiado', 'almizclado']",4.1,"{'notas_de_salida': ['pimienta rosa', 'bergamota', 'naranja'], 'notas_de_corazon': ['té', 'higo'], 'notas_de_base': ['nuez', 'resina', 'almizcle']}"
https://www.fragrantica.es/perfume/Guerlain/Aqua-Allegoria-Tutti-Kiwi-56.html,,Aqua Allegoria Tutti Kiwi Guerlain,Mujeres,"['cítrico', 'afrutados', 'floral blanco', 'fresco', 'tropical', 'aromático', 'verde', 'amaderado', 'dulce']",3.55,"{'notas_de_salida': ['ruibarbo', 'limón (lima ácida)', 'mandarina'], 'notas_de_corazon': ['kiwi', 'falso jazmín', 'pelargonio'], 'notas_de_base': ['sándalo', 'notas amaderadas', 'vainilla Bourbon']}"
https://www.fragrantica.es/perfume/Givenchy/Givenchy-pour-Homme-Blue-Label-38.html,,Givenchy pour Homme Blue Label Givenchy,Hombres,"['cítrico', 'lavanda', 'herbal', 'aromático', 'cálido especiado', 'amaderado', 'fresco especiado']",3.92,"{'notas_de_salida': ['toronja (pomelo)', 'bergamota'], 'notas_de_corazon': ['pimienta', 'lavanda', 'cardamomo', 'abrótano'], 'notas_de_base': ['cedro', 'vetiver', 'incienso de olíbano (franquincienso)']}"
https://www.fragrantica.es/perfume/Chanel/Les-Exclusifs-de-Chanel-Cuir-de-Russie-1924-98.html,,Les Exclusifs de Chanel Cuir de Russie 1924 Chanel,Mujeres,"['cítrico', 'florales', 'cuero', 'floral blanco', 'animálico', 'aromático', 'atalcado', 'amaderado', 'dulce', 'ahumado']",4.25,"{'notas_de_salida': ['esclarea', 'flor de azahar del naranjo', 'bergamota', 'limón (lima ácida)', 'mandarina'], 'notas_de_corazon': ['iris', 'ylang-ylang', 'clavel', 'vetiver', 'jazmín', 'rosa', 'cedro'], 'notas_de_base': ['cuero', 'abedul', 'tabaco', 'almizcle', 'ámbar', 'heliotropo', 'vainilla']}"
https://www.fragrantica.es/perfume/Givenchy/Very-Irresistible-for-men-34.html,,Very Irresistible for men Givenchy,Hombres,"['cítrico', 'aromático', 'café', 'verde', 'cálido especiado', 'amaderado', 'nueces', 'fresco especiado']",4.21,"{'notas_de_salida': ['menta', 'toronja (pomelo)'], 'notas_de_corazon': ['café', 'sésamo (ajonjolí)'], 'notas_de_base': ['avellana', 'cedro de Virginia']}"
https://www.fragrantica.es/perfume/Angel-Schlesser/Angel-Schlesser-Essential-32.html,,Angel Schlesser Essential Angel Schlesser,Mujeres,"['cítrico', 'afrutados', 'florales', 'fresco', 'aromático', 'rosas', 'atalcado', 'amaderado', 'especiado suave', 'almizclado']",3.73,"{'notas_de_salida': ['grosella roja', 'bergamota'], 'notas_de_corazon': ['peonía', 'fresia', 'violeta', 'rosa de Bulgaria (rosa Damascena de Bulgaria)'], 'notas_de_base': ['sándalo', 'almizcle', 'vetiver', 'cedro']}"
https://www.fragrantica.es/perfume/Guerlain/Aqua-Allegoria-Grosellina-59.html,,Aqua Allegoria Grosellina Guerlain,Mujeres,"['cítrico', 'afrutados', 'fresco', 'verde', 'dulce', 'amargo', 'especiado suave']",4.03,"{'notas_de_salida': ['bergamota', 'limón de Amalfi (lima de Amalfi)', 'mandarina'], 'notas_de_corazon': ['grosella roja', 'té', 'frambuesa'], 'notas_de_base': []}"
https://www.fragrantica.es/perfume/Givenchy/Ysatis-36.html,,Ysatis Givenchy,Mujeres,"['floral blanco', 'florales', 'animálico', 'Floral amarillo', 'atalcado', 'cálido especiado', 'aldehídico', 'amaderado', 'dulce', 'almizclado']",4.08,"{'notas_de_salida': ['ylang-ylang', 'aldehídos', 'flor de azahar del naranjo', 'gálbano', 'palo de rosa de Brasil', 'coco', 'bergamota', 'mandarina', 'cítricos'], 'notas_de_corazon': ['nardos', 'jazmín', 'narciso', 'clavel', 'ron', 'iris', 'rosa'], 'notas_de_base': ['miel', 'algalia (civet)', 'musgo de roble', 'sándalo', 'clavos de olor', 'ámbar', 'pachulí', 'almizcle', 'vetiver', 'laureles', 'vainilla']}"
https://www.fragrantica.es/perfume/Kenzo/Flower-by-Kenzo-Le-Parfum-73.html,,Flower by Kenzo Le Parfum Kenzo,Mujeres,"['afrutados', 'florales', 'nueces', 'almendrado', 'rosas', 'atalcado', 'dulce', 'violeta', 'avainillado', 'almizclado']",4.25,"{'notas_de_salida': ['grosellas negras'], 'notas_de_corazon': ['almendra', 'violeta', 'rosa'], 'notas_de_base': ['vainilla', 'almizcle blanco', 'ámbar']}"
https://www.fragrantica.es/perfume/Annayake/Annayake-Pour-Elle-105.html,,Annayake Pour Elle Annayake,Mujeres,"['cítrico', 'florales', 'fresco', 'verde', 'acuático', 'atalcado', 'amaderado', 'ozónico', 'fresco especiado', 'almizclado']",3.96,"{'notas_de_salida': ['té', 'bergamota', 'hojas de higuera'], 'notas_de_corazon': ['flor de loto azul', 'flor silvestre'], 'notas_de_base': ['almizcle', 'notas amaderadas', 'notas amaderadas']}"
https://www.fragrantica.es/perfume/Armand-Basi/Basi-Homme-126.html,,Basi Homme Armand Basi,Hombres,"['lavanda', 'florales', 'aromático', 'atalcado', 'cálido especiado', 'amaderado', 'ámbar', 'dulce', 'avainillado', 'fresco especiado']",4.09,"{'notas_de_salida': ['lavanda', 'canela', 'cardamomo'], 'notas_de_corazon': ['haba tonka', 'nuez moscada', 'incienso', 'lila', 'lirio de los valles (muguete)'], 'notas_de_base': ['vainilla', 'almizcle', 'sándalo', 'cedro']}"
https://www.fragrantica.es/perfume/Memo-Paris/African-Leather-31383.html#cc222143,,African Leather Memo Paris,Hombres y Mujeres,"['pachulí', 'cuero', 'oud', 'animálico', 'aromático', 'cálido especiado', 'amaderado', 'terrosos', 'fresco especiado']",4.27,"{'notas_de_salida': [], 'notas_de_corazon': [], 'notas_de_base': []}"
https://www.fragrantica.com/perfume/Giardini-Di-Toscana/Bianco-Latte-64757.html,,Bianco Latte Giardini Di Toscana,for women and men,"['woody', 'balsamic', 'caramel', 'vanilla', 'powdery', 'honey', 'musky', 'aromatic', 'sweet']",4.11,"{'notas_de_salida': [], 'notas_de_corazon': [], 'notas_de_base': ['Vanilla', 'White Musk']}"
https://www.fragrantica.es/perfume/Kenzo/Kenzo-pour-Homme-77.html,,Kenzo pour Homme Kenzo,Hombres,"['conífera', 'aromático', 'atalcado', 'amaderado', 'marino', 'fresco especiado']",4.07,"{'notas_de_salida': ['notas marinas', 'caoba', 'salvia', 'bergamota', 'limón (lima ácida)'], 'notas_de_corazon': ['pino', 'bayas de enebro', 'clavel', 'nuez moscada', 'rosa', 'lirio de los valles (muguete)', 'alcaravea', 'jazmín', 'durazno (melocotón)', 'raíz de lirio'], 'notas_de_base': ['abeto balsámico', 'sándalo', 'cedro', 'almizcle', 'musgo de roble', 'vetiver', 'ámbar', 'ládano']}"
https://www.fragrantica.es/perfume/Bvlgari/Eau-Parfumee-au-The-Vert-144.html,,Eau Parfumee au The Vert Bvlgari,Hombres y Mujeres,"['cítrico', 'floral blanco', 'fresco', 'aromático', 'verde', 'atalcado', 'cálido especiado', 'amaderado', 'fresco especiado', 'almizclado']",4.01,"{'notas_de_salida': ['bergamota', 'cardamomo', 'limón (lima ácida)', 'cilantro', 'flor de azahar del naranjo', 'mandarina'], 'notas_de_corazon': ['jazmín', 'lirio de los valles (muguete)', 'rosa de Bulgaria (rosa Damascena de Bulgaria)'], 'notas_de_base': ['té verde', 'almizcle', 'cedro', 'sándalo', 'maderas preciosas', 'ámbar']}"
https://www.fragrantica.es/perfume/Maison-Alhambra/Como-Moiselle-95510.html#cc222139,,Como Moiselle Maison Alhambra,Mujeres,"['cítrico', 'pachulí', 'aromático', 'cálido especiado', 'amaderado', 'terrosos', 'dulce', 'avainillado', 'fresco especiado']",4.27,"{'notas_de_salida': ['naranja', 'bergamota', 'mandarina', 'flor de azahar del naranjo'], 'notas_de_corazon': ['rosa turca', 'jazmín', 'mimosa', 'ylang-ylang'], 'notas_de_base': ['pachulí', 'vetiver', 'haba tonka', 'almizcle blanco', 'vainilla', 'opopónaco']}"
https://www.fragrantica.es/perfume/Yves-Saint-Laurent/Paris-94.html,,Paris Yves Saint Laurent,Mujeres,"['florales', 'floral blanco', 'Floral amarillo', 'verde', 'rosas', 'atalcado', 'amaderado', 'violeta', 'iris', 'fresco especiado']",3.87,"{'notas_de_salida': ['rosa', 'mimosa', 'jacinto', 'geranio', 'notas verdes', 'flor de azahar del naranjo', 'capuchina', 'flor del espino', 'casia', 'bergamota'], 'notas_de_corazon': ['rosa', 'violeta', 'azucena', 'flor de azahar del limero', 'ylang-ylang', 'lirio de los valles (muguete)', 'jazmín', 'raíz de lirio'], 'notas_de_base': ['iris', 'almizcle', 'heliotropo', 'sándalo', 'musgo de roble', 'ámbar', 'cedro']}"
https://www.fragrantica.es/perfume/Gucci/Envy-97.html,,Envy Gucci,Mujeres,"['cítrico', 'afrutados', 'florales', 'floral blanco', 'fresco', 'verde', 'atalcado', 'amaderado', 'terrosos', 'fresco especiado']",4.12,"{'notas_de_salida': ['bergamota', 'fresia', 'piña', 'magnolia', 'durazno (melocotón)'], 'notas_de_corazon': ['lirio de los valles (muguete)', 'jacinto', 'jazmín', 'iris', 'violeta', 'rosa'], 'notas_de_base': ['musgo de roble', 'jazmín', 'cedro', 'almizcle', 'sándalo']}"
https://www.fragrantica.es/perfume/Boucheron/Initial-134.html,,Initial Boucheron,Mujeres,"['afrutados', 'pachulí', 'florales', 'fresco', 'aromático', 'cálido especiado', 'amaderado', 'dulce', 'amielado', 'fresco especiado']",4.08,"{'notas_de_salida': ['pimienta', 'casis (grosellero negro)', 'hojas del grosellero rojo', 'mandarina'], 'notas_de_corazon': ['pachulí', 'rosa', 'jazmín', 'flor silvestre'], 'notas_de_base': ['miel', 'almizcle', 'almendra']}"
https://www.fragrantica.es/perfume/Elizabeth-Arden/5th-Avenue-After-Five-82.html,,5th Avenue After Five Elizabeth Arden,Mujeres,"['afrutados', 'floral blanco', 'cuero', 'florales', 'aromático', 'atalcado', 'cálido especiado', 'amaderado', 'ahumado', 'almizclado']",3.57,"{'notas_de_salida': ['madreselva', 'ciruela', 'cilantro', 'bergamota'], 'notas_de_corazon': ['lirio de los valles (muguete)', 'flor de loto de la India', 'jazmín', 'azafrán'], 'notas_de_base': ['abedul', 'almizcle', 'sándalo', 'haba tonka']}"
https://www.fragrantica.com/perfume/Lattafa-Perfumes/Khamrah-75805.html,,Khamrah Lattafa Perfumes,for women and men,"['woody', 'vanilla', 'cinnamon', 'fruity', 'amber', 'warm spicy', 'sweet', 'fresh spicy']",4.33,"{'notas_de_salida': [], 'notas_de_corazon': [], 'notas_de_base': ['Vanilla', 'Tonka Bean', 'Amberwood', 'Myrrh', 'Benzoin', 'Akigalawood']}"
https://www.fragrantica.es/perfume/Azzaro/Visit-for-Women-30.html,,Visit for Women Azzaro,Mujeres,"['cítrico', 'floral blanco', 'aromático', 'rosas', 'cálido especiado', 'ámbar', 'amaderado', 'avainillado', 'fresco especiado', 'almizclado']",3.87,"{'notas_de_salida': ['pimienta', 'hojas de naranja'], 'notas_de_corazon': ['maderas preciosas', 'rosa', 'jazmín de la India', 'cedro de Virginia'], 'notas_de_base': ['haba tonka', 'benjuí', 'ámbar', 'almizcle']}"
https://www.fragrantica.es/perfume/Banana-Republic/Banana-Republic-W-129.html,,Banana Republic W Banana Republic,Mujeres,"['cítrico', 'afrutados', 'floral blanco', 'florales', 'fresco', 'verde', 'atalcado', 'dulce', 'almizclado']",3.77,"{'notas_de_salida': ['clementina'], 'notas_de_corazon': ['lirio de los valles (muguete)'], 'notas_de_base': ['almizcle']}"
https://www.fragrantica.es/perfume/Guerlain/Samsara-Eau-de-Parfum-55.html,,Samsara Eau de Parfum Guerlain,Mujeres,"['floral blanco', 'Floral amarillo', 'atalcado', 'cálido especiado', 'amaderado', 'ámbar', 'dulce', 'violeta', 'iris', 'avainillado']",4.06,"{'notas_de_salida': ['ylang-ylang', 'durazno (melocotón)', 'bergamota', 'notas verdes', 'limón (lima ácida)'], 'notas_de_corazon': ['iris', 'jazmín', 'narciso', 'raíz de lirio', 'rosa', 'violeta'], 'notas_de_base': ['sándalo', 'vainilla', 'iris', 'ámbar', 'haba tonka', 'almizcle']}"
https://www.fragrantica.es/perfume/Annayake/Annayake-Pour-Lui-106.html,,Annayake Pour Lui Annayake,Hombres,"['cítrico', 'afrutados', 'florales', 'fresco', 'verde', 'atalcado', 'amaderado', 'dulce', 'ozónico', 'nueces']",3.84,"{'notas_de_salida': ['té', 'manzana', 'mandarina', 'bergamota'], 'notas_de_corazon': ['bambú', 'flor de loto', 'flor del algodonero'], 'notas_de_base': ['avellana', 'algodón de azúcar', 'haba tonka']}"
https://www.fragrantica.es/perfume/Zara/Absolutely-Dark-87148.html#cc222142,,Absolutely Dark Zara,Hombres,[],4.09,"{'notas_de_salida': [], 'notas_de_corazon': [], 'notas_de_base': []}"
https://www.fragrantica.es/perfume/Hermes/Eau-des-Merveilles-9.html,,Eau des Merveilles Hermès,Mujeres,"['cítrico', 'conífera', 'fresco', 'balsámico', 'aromático', 'amaderado', 'ámbar', 'terrosos', 'dulce', 'fresco especiado']",4.06,"{'notas_de_salida': ['naranja', 'resina de elemí', 'limón (lima ácida)'], 'notas_de_corazon': ['ámbar', 'pimienta', 'pimienta rosa', 'violeta'], 'notas_de_base': ['abeto', 'cedro', 'vetiver de Madagascar', 'musgo de roble', 'benjuí']}"
https://www.fragrantica.es/perfume/Annayake/Natsumi-108.html,,Natsumi Annayake,Mujeres,"['cítrico', 'afrutados', 'floral blanco', 'fresco', 'verde', 'acuático', 'atalcado', 'amaderado', 'dulce', 'ozónico']",3.8,"{'notas_de_salida': ['hierba verde', 'sandía', 'ylang-ylang', 'limón (lima ácida)'], 'notas_de_corazon': ['lirio de los valles (muguete)', 'flor de azahar del naranjo', 'rosa', 'violeta'], 'notas_de_base': ['durazno (melocotón)', 'almizcle', 'ciruela', 'grosellas negras', 'cedro', 'sándalo']}"
https://www.fragrantica.es/perfume/Hermes/Equipage-7.html,,Equipage Hermès,Hombres,"['cítrico', 'musgoso', 'florales', 'balsámico', 'aromático', 'cálido especiado', 'aldehídico', 'amaderado', 'terrosos', 'fresco especiado']",4.28,"{'notas_de_salida': ['esclarea', 'palo de rosa de Brasil', 'flor del moscadero', 'aldehídos', 'bergamota', 'naranja', 'estragón', 'mejorana'], 'notas_de_corazon': ['clavel', 'agujas de pino', 'canela', 'lirio de los valles (muguete)', 'jazmín', 'hisopo', 'liatris (liátride)'], 'notas_de_base': ['musgo de roble', 'vetiver', 'pachulí', 'haba tonka', 'almizcle', 'vainilla', 'ámbar']}"
https://www.fragrantica.com/perfume/Jean-Paul-Gaultier/Le-Male-Elixir-81642.html,,Le Male Elixir Jean Paul Gaultier,for men,"['vanilla', 'lavender', 'powdery', 'honey', 'aromatic', 'tobacco', 'green', 'amber', 'sweet', 'fresh spicy']",4.54,"{'notas_de_salida': [], 'notas_de_corazon': [], 'notas_de_base': ['Honey', 'Tonka Bean', 'Tobacco']}"
https://www.fragrantica.es/perfume/Aramis/Aramis-Always-for-Him-115.html,,Aramis Always for Him Aramis,Hombres,"['cítrico', 'aromático', 'verde', 'acuático', 'cálido especiado', 'amaderado', 'ámbar', 'ozónico', 'fresco especiado']",4.33,"{'notas_de_salida': ['pepino', 'lima (limón verde)', 'jengibre', 'mandarina', 'canela'], 'notas_de_corazon': ['menta', 'cardamomo'], 'notas_de_base': ['vetiver', 'ámbar', 'cedro']}"
https://www.fragrantica.es/perfume/Givenchy/Pi-39.html,,Pi Givenchy,Hombres,"['afrutados', 'nueces', 'almendrado', 'aromático', 'atalcado', 'cálido especiado', 'ámbar', 'dulce', 'avainillado', 'fresco especiado']",4.16,"{'notas_de_salida': ['mandarina', 'estragón', 'romero', 'albahaca'], 'notas_de_corazon': ['anís', 'neroli', 'geranio', 'lirio de los valles (muguete)'], 'notas_de_base': ['vainilla', 'almendra', 'haba tonka', 'benjuí', 'cedro']}"
https://www.fragrantica.es/perfume/Armand-Basi/In-Red-128.html,,In Red Armand Basi,Mujeres,"['cítrico', 'floral blanco', 'fresco', 'aromático', 'cálido especiado', 'amaderado', 'fresco especiado']",3.72,"{'notas_de_salida': ['bergamota', 'jengibre', 'mandarina', 'cardamomo'], 'notas_de_corazon': ['azucena', 'jazmín', 'hojas de violeta', 'pimienta rosa', 'rosa', 'peonía', 'grosellas negras'], 'notas_de_base': ['notas amaderadas', 'musgo de roble', 'almizcle blanco', 'palisandro', 'ámbar', 'vainilla', 'praliné']}"
https://www.fragrantica.es/perfume/Boucheron/Trouble-135.html,,Trouble Boucheron,Mujeres,"['cítrico', 'floral blanco', 'fresco', 'animálico', 'Floral amarillo', 'aromático', 'atalcado', 'ámbar', 'amaderado', 'dulce']",4.25,"{'notas_de_salida': ['limón (lima ácida)', 'retama de los tintoreros'], 'notas_de_corazon': ['jazmín'], 'notas_de_base': ['ámbar', 'cedro']}"
https://www.fragrantica.es/perfume/Aramis/Aramis-Bermuda-Tonic-117.html,,Aramis Bermuda Tonic Aramis,Hombres,"['cítrico', 'ron', 'cuero', 'florales', 'coco', 'aromático', 'atalcado', 'amaderado', 'marino', 'iris']",3.95,"{'notas_de_salida': ['coco', 'notas marinas', 'lima (limón verde)', 'bergamota', 'limón (lima ácida)'], 'notas_de_corazon': ['ron', 'flor del eucalipto', 'iris', 'flores', 'azafrán', 'raíz de lirio'], 'notas_de_base': ['cuero', 'cedro', 'musgo de roble', 'ámbar']}"
https://www.fragrantica.es/perfume/Zara/Green-Savage-72141.html#cc222145,,Green Savage Zara,Hombres,"['cítrico', 'lavanda', 'florales', 'herbal', 'aromático', 'amaderado', 'fresco especiado']",3.91,"{'notas_de_salida': [], 'notas_de_corazon': [], 'notas_de_base': []}"
https://www.fragrantica.es/perfume/Yves-Saint-Laurent/Yvresse-Champagne-101.html,,Yvresse (Champagne) Yves Saint Laurent,Mujeres,"['afrutados', 'florales', 'fresco', 'aromático', 'atalcado', 'cálido especiado', 'ámbar', 'amaderado', 'terrosos', 'dulce']",4.12,"{'notas_de_salida': ['durazno (melocotón)', 'nectarina', 'chabacano', 'alcaravea', 'anís', 'menta'], 'notas_de_corazon': ['canela', 'lichi', 'rosa', 'aceite de rosas', 'clavel', 'violeta', 'iris', 'jazmín', 'lirio de los valles (muguete)'], 'notas_de_base': ['musgo de roble', 'ámbar', 'benjuí', 'vainilla', 'pachulí', 'styrax', 'almizcle', 'cedro', 'vetiver', 'coco']}"
https://www.fragrantica.com/perfume/Versace/Eros-16657.html,,Eros Versace,for men,"['citrus', 'woody', 'vanilla', 'aromatic', 'fruity', 'green', 'fresh', 'amber', 'sweet', 'fresh spicy']",4.07,"{'notas_de_salida': [], 'notas_de_corazon': [], 'notas_de_base': ['Madagascar Vanilla', 'Virginian Cedar', 'Atlas Cedar', 'Vetiver', 'Oakmoss']}"
https://www.fragrantica.es/perfume/Guerlain/Aqua-Allegoria-Pamplelune-57.html,,Aqua Allegoria Pamplelune Guerlain,Mujeres,"['cítrico', 'aromático', 'verde', 'amaderado', 'fresco especiado']",3.96,"{'notas_de_salida': ['toronja (pomelo)', 'bergamota'], 'notas_de_corazon': ['casia', 'petit grain', 'neroli'], 'notas_de_base': ['pachulí', 'vainilla']}"
https://www.fragrantica.es/perfume/Guerlain/Vetiver-69.html,,Vetiver Guerlain,Hombres,"['cítrico', 'florales', 'aromático', 'verde', 'tabaco', 'cálido especiado', 'amaderado', 'terrosos', 'dulce', 'fresco especiado']",4.18,"{'notas_de_salida': ['bergamota', 'tabaco', 'limón (lima ácida)', 'nuez moscada', 'neroli', 'cilantro', 'mandarina'], 'notas_de_corazon': ['vetiver', 'pimienta', 'clavel', 'salvia', 'sándalo', 'raíz de lirio'], 'notas_de_base': ['vetiver', 'musgo de roble', 'cuero', 'mirra', 'algalia (civet)', 'haba tonka', 'ámbar']}"
https://www.fragrantica.com/perfume/Viktor-Rolf/Spicebomb-Extreme-30499.html,,Spicebomb Extreme Viktor&Rolf,for men,"['vanilla', 'powdery', 'cinnamon', 'tobacco', 'warm spicy', 'sweet']",4.5,"{'notas_de_salida': [], 'notas_de_corazon': [], 'notas_de_base': []}"
https://www.fragrantica.es/perfume/Aramis/Aramis-Cool-118.html,,Aramis Cool Aramis,Hombres,"['cítrico', 'ron', 'aromático', 'atalcado', 'cálido especiado', 'amaderado', 'fresco especiado']",3.88,"{'notas_de_salida': ['coñac', 'bergamota', 'mandarina'], 'notas_de_corazon': ['ron', 'enebro de Virginia'], 'notas_de_base': ['sándalo', 'pachulí', 'almizcle']}"
https://www.fragrantica.com/perfume/Xerjoff/XJ-1861-Naxos-30529.html,,XJ 1861 Naxos Xerjoff,for women and men,"['citrus', 'vanilla', 'lavender', 'powdery', 'honey', 'aromatic', 'tobacco', 'floral', 'sweet', 'warm spicy']",4.5,"{'notas_de_salida': [], 'notas_de_corazon': [], 'notas_de_base': ['Tobacco Leaf', 'Vanilla', 'Tonka Bean']}"
https://www.fragrantica.es/perfume/Annayake/Hanami-107.html,,Hanami Annayake,Mujeres,"['florales', 'floral blanco', 'fresco', 'rosas', 'atalcado']",3.91,"{'notas_de_salida': ['violeta', 'ciclamen (violeta persa)'], 'notas_de_corazon': ['peonía', 'flor del cerezo', 'jazmín'], 'notas_de_base': ['almizcle', 'sándalo']}"
https://www.fragrantica.es/perfume/Bvlgari/Omnia-151.html,,Omnia Bvlgari,Mujeres,"['cálido especiado', 'amaderado', 'fresco especiado', 'dulce']",4.05,"{'notas_de_salida': ['jengibre', 'cardamomo', 'pimienta', 'azafrán', 'mandarina'], 'notas_de_corazon': ['té masala chai', 'nuez moscada', 'canela', 'almendra', 'clavos de olor', 'flor de loto'], 'notas_de_base': ['chocolate blanco', 'sándalo', 'notas amaderadas', 'haba tonka', 'madera de gaiac']}"
https://www.fragrantica.es/perfume/Elizabeth-Arden/Eau-Fraiche-90.html,,Eau Fraiche Elizabeth Arden,Mujeres,"['cítrico', 'pachulí', 'floral blanco', 'Floral amarillo', 'aromático', 'verde', 'cálido especiado', 'amaderado', 'iris', 'fresco especiado']",3.99,"{'notas_de_salida': [], 'notas_de_corazon': [], 'notas_de_base': []}"
https://www.fragrantica.com/perfume/Chanel/Bleu-de-Chanel-Eau-de-Parfum-25967.html,,Bleu de Chanel Eau de Parfum Chanel,for men,"['citrus', 'woody', 'balsamic', 'powdery', 'smoky', 'aromatic', 'fresh', 'amber', 'warm spicy', 'fresh spicy']",4.42,"{'notas_de_salida': [], 'notas_de_corazon': [], 'notas_de_base': ['Incense', 'Amber', 'Cedar', 'Sandalwood', 'Patchouli', 'Amberwood', 'Labdanum']}"
https://www.fragrantica.es/perfume/Hermes/Caleche-Eau-Delicate-24.html,,Caleche Eau Delicate Hermès,Mujeres,"['floral blanco', 'fresco', 'Floral amarillo', 'atalcado', 'aldehídico', 'amaderado', 'dulce']",4.13,"{'notas_de_salida': ['aldehídos', 'ylang-ylang'], 'notas_de_corazon': ['jazmín', 'rosa'], 'notas_de_base': ['cedro', 'sándalo']}"
https://www.fragrantica.es/perfume/Boucheron/Boucheron-133.html,,Boucheron Boucheron,Mujeres,"['cítrico', 'floral blanco', 'animálico', 'Floral amarillo', 'aromático', 'atalcado', 'ámbar', 'amaderado', 'dulce', 'fresco especiado']",4.11,"{'notas_de_salida': ['cempasúchil (tagete, clavelón)', 'naranja', 'naranja tangerina', 'naranja amarga', 'chabacano', 'albahaca', 'asafétida', 'casia', 'limón (lima ácida)', 'bergamota'], 'notas_de_corazon': ['nardos', 'ylang-ylang de Madagascar', 'flor de azahar del naranjo', 'jazmín', 'narciso', 'geranio', 'raíz de lirio', 'cedro', 'genista', 'lirio de los valles (muguete)'], 'notas_de_base': ['ámbar', 'algalia (civet)', 'sándalo', 'benjuí', 'vainilla de la India', 'musgo de roble', 'haba tonka', 'almizcle']}"
https://www.fragrantica.es/perfume/Hermes/Hiris-20.html,,Hiris Hermès,Mujeres,"['florales', 'aromático', 'atalcado', 'amaderado', 'terrosos', 'violeta', 'iris']",4.19,"{'notas_de_salida': ['iris', 'cilantro', 'clavel', 'ámbar'], 'notas_de_corazon': ['iris', 'neroli', 'rosa'], 'notas_de_base': ['cedro', 'árbol del almendro', 'miel', 'vainilla']}"
https://www.fragrantica.es/perfume/Tom-Ford/Fucking-Fabulous-46513.html#cc222148,,Fucking Fabulous Tom Ford,Hombres y Mujeres,"['lavanda', 'cuero', 'almendrado', 'animálico', 'aromático', 'atalcado', 'ámbar', 'amaderado', 'dulce', 'avainillado']",3.8,"{'notas_de_salida': ['lavanda', 'esclarea'], 'notas_de_corazon': ['cuero', 'almendra amarga', 'vainilla', 'raíz de lirio'], 'notas_de_base': ['cuero', 'haba tonka', 'cachemira', 'maderas blancas', 'ámbar']}"
https://www.fragrantica.es/perfume/Bvlgari/BLV-Notte-Pour-Femme-149.html,,BLV Notte Pour Femme Bvlgari,Mujeres,"['chocolate', 'vodka', 'balsámico', 'atalcado', 'cálido especiado', 'ámbar', 'amaderado', 'dulce', 'iris', 'almizclado']",4.16,"{'notas_de_salida': ['jengibre', 'galanga', 'anís', 'bergamota', 'mandarina'], 'notas_de_corazon': ['vodka', 'iris', 'acacia negra (robinia)'], 'notas_de_base': ['chocolate oscuro', 'incienso', 'almizcle', 'sándalo', 'ámbar', 'ládano']}"
https://www.fragrantica.com/perfume/Afnan/9pm-65414.html,,9pm Afnan,for men,"['vanilla', 'lavender', 'powdery', 'cinnamon', 'aromatic', 'fresh', 'amber', 'warm spicy', 'sweet', 'fruity']",4.44,"{'notas_de_salida': [], 'notas_de_corazon': [], 'notas_de_base': ['Vanilla', 'Tonka Bean', 'Amber', 'Patchouli']}"
https://www.fragrantica.es/perfume/Elizabeth-Arden/5th-Avenue-81.html,,5th Avenue Elizabeth Arden,Mujeres,"['cítrico', 'florales', 'floral blanco', 'fresco', 'Floral amarillo', 'verde', 'atalcado', 'dulce']",3.86,"{'notas_de_salida': ['flor del tilo', 'lirio de los valles (muguete)', 'lila', 'magnolia', 'bergamota', 'mandarina'], 'notas_de_corazon': ['jazmín', 'nardos', 'ylang-ylang', 'rosa de Bulgaria (rosa Damascena de Bulgaria)', 'durazno (melocotón)', 'violeta', 'clavel', 'nuez moscada'], 'notas_de_base': ['almizcle', 'iris', 'sándalo', 'ámbar', 'vainilla', 'clavos de olor']}"
https://www.fragrantica.es/perfume/Blumarine/Vintage-140.html,,Vintage Blumarine,Mujeres,"['cítrico', 'florales', 'fresco', 'aromático', 'rosas', 'acuático', 'atalcado', 'amaderado', 'fresco especiado', 'almizclado']",3.54,"{'notas_de_salida': ['bergamota', 'limón (lima ácida)', 'durazno (melocotón)'], 'notas_de_corazon': ['peonía', 'nenúfar (lirio de agua)', 'rosa', 'azucena', 'jazmín'], 'notas_de_base': ['sándalo', 'almizcle', 'ámbar', 'iris']}"
https://www.fragrantica.es/perfume/Bvlgari/BLV-Pour-Homme-148.html,,BLV Pour Homme Bvlgari,Hombres,"['floral blanco', 'fresco', 'balsámico', 'aromático', 'verde', 'cálido especiado', 'amaderado', 'fresco especiado']",4.04,"{'notas_de_salida': ['cardamomo', 'sándalo'], 'notas_de_corazon': ['jengibre', 'enebro de Virginia', 'galanga'], 'notas_de_base': ['flor del tabaco', 'hojas verdes', 'madera de teca']}"
https://www.fragrantica.es/perfume/Blumarine/Blumarine-II-139.html,,Blumarine II Blumarine,Mujeres,"['florales', 'balsámico', 'Floral amarillo', 'verde', 'rosas', 'atalcado', 'amaderado', 'dulce', 'ozónico', 'almizclado']",3.91,"{'notas_de_salida': ['flor de loto', 'palo de rosa de Brasil', 'hiedra'], 'notas_de_corazon': ['orquídea', 'ylang-ylang', 'rosa'], 'notas_de_base': ['sándalo', 'almizcle blanco', 'ládano', 'cedro']}"
https://www.fragrantica.es/perfume/Hermes/Parfum-des-Merveilles-10.html,,Parfum des Merveilles Hermès,Mujeres,"['pachulí', 'balsámico', 'cálido especiado', 'ámbar', 'amaderado', 'terrosos', 'musgoso']",4.34,"{'notas_de_salida': [], 'notas_de_corazon': [], 'notas_de_base': []}"
https://www.fragrantica.com/perfume/Parfums-de-Marly/Layton-39314.html,,Layton Parfums de Marly,for women and men,"['citrus', 'woody', 'vanilla', 'powdery', 'lavender', 'aromatic', 'fruity', 'fresh', 'warm spicy', 'fresh spicy']",4.45,"{'notas_de_salida': [], 'notas_de_corazon': [], 'notas_de_base': ['Vanilla', 'Cardamom', 'Sandalwood', 'Pepper', 'Guaiac Wood', 'Patchouli']}"
https://www.fragrantica.es/perfume/Hermes/Un-Jardin-en-Mediterranee-19.html,,Un Jardin en Méditerranée Hermès,Hombres y Mujeres,"['cítrico', 'florales', 'floral blanco', 'fresco', 'aromático', 'verde', 'amaderado', 'dulce', 'fresco especiado']",4.16,"{'notas_de_salida': ['bergamota', 'limón (lima ácida)', 'mandarina'], 'notas_de_corazon': ['flor de azahar del naranjo', 'flor de la adelfa blanca'], 'notas_de_base': ['hojas de higuera', 'ciprés', 'cedro rojo japonés', 'enebro de Virginia', 'pistacho (pistache)', 'almizcle']}"
https://www.fragrantica.es/perfume/Kenzo/Parfum-d-Ete-2002-80.html,,Parfum d'Ete 2002 Kenzo,Mujeres,"['floral blanco', 'florales', 'fresco', 'rosas', 'verde', 'fresco especiado']",3.97,"{'notas_de_salida': ['lirio de los valles (muguete)', 'notas verdes'], 'notas_de_corazon': ['jacinto', 'jazmín', 'peonía'], 'notas_de_base': ['almizcle blanco', 'sándalo']}"
https://www.fragrantica.com/perfume/Dolce-Gabbana/Devotion-84951.html,,Devotion Dolce&Gabbana,for women,"['white floral', 'rum', 'citrus', 'vanilla', 'powdery', 'lactonic', 'sweet']",4.02,"{'notas_de_salida': [], 'notas_de_corazon': [], 'notas_de_base': ['Vanilla']}"
https://www.fragrantica.es/perfume/Elizabeth-Arden/Provocative-Woman-84.html,,Provocative Woman Elizabeth Arden,Mujeres,"['afrutados', 'florales', 'fresco', 'aromático', 'acuático', 'atalcado', 'amaderado', 'ámbar', 'dulce', 'fresco especiado']",3.56,"{'notas_de_salida': ['membrillo', 'jengibre', 'flor de loto', 'frambuesa', 'durazno (melocotón)'], 'notas_de_corazon': ['orquídea', 'fresia rosa', 'chabacano', 'papaya'], 'notas_de_base': ['sándalo', 'ámbar', 'madera de ciprés hinoki', 'ámbar rojo', 'té Blanco', 'cedro']}"
https://www.fragrantica.es/perfume/Kenzo/Kenzo-Jungle-Homme-71.html,,Kenzo Jungle Homme Kenzo,Hombres,"['cítrico', 'florales', 'aromático', 'atalcado', 'cálido especiado', 'amaderado', 'ámbar', 'canela', 'fresco especiado']",4.18,"{'notas_de_salida': ['canela', 'lima (limón verde)', 'bergamota', 'limón (lima ácida)'], 'notas_de_corazon': ['nuez moscada', 'cardamomo', 'pimienta', 'yerba mate', 'clavel', 'ámbar'], 'notas_de_base': ['madera de gaiac', 'sándalo', 'cedro', 'benjuí', 'vetiver']}"
https://www.fragrantica.es/perfume/Guerlain/Guerlain-Chant-d-Aromes-48.html,,Guerlain Chant d'Aromes Guerlain,Mujeres,"['afrutados', 'floral blanco', 'fresco', 'Floral amarillo', 'atalcado', 'cálido especiado', 'aldehídico', 'amaderado', 'ámbar', 'avainillado']",4.17,"{'notas_de_salida': ['aldehídos', 'gardenia', 'cítricos', 'ciruela'], 'notas_de_corazon': ['madreselva', 'jazmín', 'ylang-ylang', 'clavo de olor'], 'notas_de_base': ['heliotropo', 'vetiver', 'sándalo', 'incienso de olíbano (franquincienso)', 'benjuí', 'vainilla']}"
https://www.fragrantica.es/perfume/Bvlgari/BLV-Notte-Pour-Homme-150.html,,BLV Notte Pour Homme Bvlgari,Hombres,"['lavanda', 'chocolate', 'floral blanco', 'anís', 'aromático', 'verde', 'cálido especiado', 'amaderado', 'dulce', 'fresco especiado']",4.0,"{'notas_de_salida': [], 'notas_de_corazon': [], 'notas_de_base': []}"
https://www.fragrantica.com/perfume/Maison-Martin-Margiela/By-the-Fireplace-31623.html,,By the Fireplace Maison Martin Margiela,for women and men,"['woody', 'balsamic', 'vanilla', 'powdery', 'soft spicy', 'musky', 'amber', 'warm spicy', 'sweet', 'nutty']",4.23,"{'notas_de_salida': [], 'notas_de_corazon': [], 'notas_de_base': ['Vanilla', 'Peru Balsam', 'Cashmeran']}"
https://www.fragrantica.es/perfume/Guerlain/Chamade-50.html,,Chamade Guerlain,Mujeres,"['florales', 'floral blanco', 'fresco', 'balsámico', 'aromático', 'rosas', 'verde', 'cálido especiado', 'aldehídico', 'ámbar']",4.24,"{'notas_de_salida': ['jacinto', 'aldehídos', 'rosa', 'jazmín', 'bergamota'], 'notas_de_corazon': ['gálbano', 'rosa', 'lila', 'jazmín', 'lirio de los valles (muguete)', 'clavos de olor'], 'notas_de_base': ['bálsamo de Tolú', 'benjuí', 'bálsamo del Perú', 'ámbar', 'vetiver', 'vainilla', 'sándalo']}"
https://www.fragrantica.es/perfume/Givenchy/Amarige-3.html,,Amarige Givenchy,Mujeres,"['afrutados', 'floral blanco', 'florales', 'animálico', 'Floral amarillo', 'verde', 'atalcado', 'amaderado', 'nardos', 'dulce']",3.89,"{'notas_de_salida': ['flor de azahar del naranjo', 'durazno (melocotón)', 'ciruela', 'neroli', 'palo de rosa de Brasil', 'violeta', 'mandarina'], 'notas_de_corazon': ['nardos', 'mimosa', 'gardenia', 'ylang-ylang', 'jazmín', 'acacia negra (robinia)', 'clavel', 'grosellas negras', 'bayas rojas', 'casia', 'rosa', 'orquídea'], 'notas_de_base': ['sándalo', 'ámbar', 'notas amaderadas', 'vainilla', 'almizcle', 'haba tonka', 'cedro']}"
https://www.fragrantica.es/perfume/Guerlain/Love-is-All-45.html,,Love is All Guerlain,Mujeres,"['cítrico', 'afrutados', 'florales', 'floral blanco', 'tropical', 'Floral amarillo', 'atalcado', 'dulce', 'iris', 'almizclado']",3.93,"{'notas_de_salida': ['maracuyá (fruta de la pasión)', 'mandarina', 'pimienta rosa'], 'notas_de_corazon': ['mimosa', 'iris', 'fresia', 'flor de azahar del naranjo', 'neroli'], 'notas_de_base': ['almizcle', 'vainilla', 'nuez moscada', 'notas amaderadas', 'ámbar']}"
https://www.fragrantica.es/perfume/Givenchy/Very-Irresistible-33.html,,Very Irresistible Givenchy,Mujeres,"['cítrico', 'florales', 'fresco', 'aromático', 'rosas']",3.89,"{'notas_de_salida': ['casia', 'cedrón (hierba luisa, verbena de olor)', 'anís estrellado'], 'notas_de_corazon': ['rosa', 'peonía', 'magnolia'], 'notas_de_base': ['rosa de Taif', 'almizcle', 'vainilla', 'pachulí']}"
https://www.fragrantica.es/perfume/Byblos/Byblos-131.html,,Byblos Byblos,Mujeres,"['afrutados', 'floral blanco', 'florales', 'fresco', 'Floral amarillo', 'aromático', 'verde', 'atalcado', 'amaderado', 'dulce']",3.92,"{'notas_de_salida': ['maracuyá (fruta de la pasión)', 'piña', 'grosellas negras', 'casia', 'durazno (melocotón)', 'caléndula', 'toronja (pomelo)', 'bergamota', 'mandarina'], 'notas_de_corazon': ['mimosa', 'madreselva', 'jazmín', 'gardenia', 'heliotropo', 'violeta', 'lirio de los valles (muguete)', 'ylang-ylang', 'azucena', 'orquídea', 'iris', 'rosa', 'raíz de lirio'], 'notas_de_base': ['frambuesa', 'pimienta', 'vetiver', 'almizcle']}"
https://www.fragrantica.es/perfume/Guerlain/Jicky-103.html,,Jicky Guerlain,Mujeres,"['cítrico', 'lavanda', 'aromático', 'atalcado', 'cálido especiado', 'amaderado', 'ámbar', 'dulce', 'avainillado', 'fresco especiado']",4.16,"{'notas_de_salida': ['romero', 'bergamota', 'limón (lima ácida)', 'mandarina'], 'notas_de_corazon': ['lavanda', 'haba tonka', 'raíz de lirio', 'albahaca', 'jazmín'], 'notas_de_base': ['vainilla', 'cuero', 'especias', 'benjuí', 'sándalo', 'ámbar', 'palo de rosa de Brasil']}"
